id,first_name,last_name,email,gender,ip_address
1,Emili,Jeandel,ejeandel0@cafepress.com,Female,96.8.97.45
2,Roobbie,Gannan,rgannan1@mapy.cz,Female,57.192.64.127
3,Rosetta,Di Ruggero,rdiruggero2@buzzfeed.com,Agender,187.82.53.175
4,Meara,Fabbro,mfabbro3@webeden.co.uk,Female,167.128.66.166
5,Aurelea,Hawkridge,ahawkridge4@hatena.ne.jp,Female,30.188.187.215
6,Roi,Tukely,rtukely5@telegraph.co.uk,Male,208.146.51.234
7,Cody,Aiken,caiken6@pcworld.com,Male,118.93.116.181
8,Rheta,Thams,rthams7@businessinsider.com,Female,95.68.233.21
9,Andra,Ortner,aortner8@cnet.com,Female,176.227.120.104
10,Arlin,Lahive,alahive9@domainmarket.com,Male,28.245.5.107
11,Roma,Josey,rjoseya@nasa.gov,Male,112.136.197.215
12,Wandie,Lambkin,wlambkinb@lycos.com,Female,153.118.50.255
13,Lanny,Labba,llabbac@jigsy.com,Polygender,111.189.180.70
14,Caldwell,Garatty,cgarattyd@eventbrite.com,Male,111.18.177.150
15,Eamon,MacGibbon,emacgibbone@constantcontact.com,Male,105.80.194.80
16,Shaylyn,Tarzey,starzeyf@redcross.org,Female,41.66.233.248
17,Leonid,Maxweell,lmaxweellg@rediff.com,Male,152.17.238.163
18,Sheffie,Dossetter,sdossetterh@blogtalkradio.com,Male,97.172.119.243
19,Lucias,Bichard,lbichardi@wix.com,Male,181.12.110.227
20,Filip,Motton,fmottonj@google.ca,Male,251.203.186.129
21,Cornelia,Fortey,cforteyk@networkadvertising.org,Agender,230.109.210.120
22,Clair,Millhill,cmillhilll@webmd.com,Male,193.15.114.124
23,Miquela,Rawcliffe,mrawcliffem@tamu.edu,Female,18.60.175.24
24,Corey,Lanahan,clanahann@issuu.com,Male,105.93.51.240
25,Kit,Baline,kbalineo@amazonaws.com,Female,75.26.108.86
26,Bale,O'Canavan,bocanavanp@sakura.ne.jp,Male,138.193.224.153
27,Lurlene,Theyer,ltheyerq@yellowbook.com,Female,144.59.211.9
28,Dukey,Fallon,dfallonr@ow.ly,Male,239.48.3.207
29,Leonid,Wetheril,lwetherils@free.fr,Male,23.239.63.16
30,Yorke,Sackett,ysackettt@eventbrite.com,Male,41.219.114.203
31,Patten,Drissell,pdrissellu@spiegel.de,Male,17.254.63.44
32,Anson,McQuarrie,amcquarriev@list-manage.com,Male,136.19.221.223
33,Penny,Faherty,pfahertyw@cocolog-nifty.com,Female,93.88.207.18
34,Tannie,Cheverell,tcheverellx@merriam-webster.com,Polygender,160.44.251.156
35,Bernardo,Swanne,bswanney@jigsy.com,Male,188.134.8.240
36,Marcellina,Cluney,mcluneyz@umn.edu,Female,146.100.239.255
37,Waring,Fawdrie,wfawdrie10@reference.com,Male,251.38.58.228
38,Rollie,Phuprate,rphuprate11@bluehost.com,Male,17.177.101.69
39,Idaline,Gwatkin,igwatkin12@mit.edu,Female,253.101.155.132
40,Winston,Fewtrell,wfewtrell13@ning.com,Male,126.142.100.128
41,Aaron,Northbridge,anorthbridge14@freewebs.com,Male,60.252.130.149
42,Fern,Northleigh,fnorthleigh15@freewebs.com,Female,56.195.199.156
43,Archy,Lillicrop,alillicrop16@topsy.com,Male,186.72.238.239
44,Bernadene,Mollitt,bmollitt17@w3.org,Female,119.24.207.226
45,Lishe,Halfacre,lhalfacre18@xinhuanet.com,Female,201.52.96.219
46,Emmie,Roast,eroast19@lycos.com,Female,105.73.176.159
47,Cecilla,Lampaert,clampaert1a@umich.edu,Female,30.87.174.187
48,Suzi,Fawloe,sfawloe1b@bizjournals.com,Female,117.43.3.202
49,Nikolai,Kineton,nkineton1c@multiply.com,Male,144.66.190.68
50,Rand,Tamblyn,rtamblyn1d@mit.edu,Male,99.40.220.242
51,Mufinella,MacTrustrie,mmactrustrie1e@eepurl.com,Female,236.155.121.111
52,Frasco,Fearnsides,ffearnsides1f@home.pl,Male,136.139.122.128
53,Jared,Giacomini,jgiacomini1g@netvibes.com,Male,30.142.153.168
54,Alvera,Shouler,ashouler1h@businesswire.com,Female,4.10.39.233
55,Kassi,Pymer,kpymer1i@blinklist.com,Female,81.188.76.214
56,Monah,O'Hannay,mohannay1j@narod.ru,Female,190.229.199.212
57,Garrot,Angerstein,gangerstein1k@theatlantic.com,Male,167.153.72.231
58,Mischa,McDuall,mmcduall1l@stanford.edu,Male,61.211.34.68
59,Lorine,Eames,leames1m@dailymotion.com,Female,16.164.246.250
60,Tito,Aldham,taldham1n@weebly.com,Male,1.84.74.59
61,Mahmud,Kubicka,mkubicka1o@twitpic.com,Male,26.188.3.103
62,Alphonso,Tire,atire1p@go.com,Agender,9.252.228.177
63,Lisette,Broddle,lbroddle1q@diigo.com,Polygender,192.240.162.179
64,Lisbeth,Nys,lnys1r@mtv.com,Female,120.133.3.187
65,Fernanda,Bulloch,fbulloch1s@ucoz.com,Female,63.101.98.140
66,Basile,Trett,btrett1t@epa.gov,Male,10.242.220.220
67,Clerc,Hulbert,chulbert1u@intel.com,Male,127.219.216.203
68,Nataniel,Stoyle,nstoyle1v@gmpg.org,Male,12.19.110.238
69,Suzi,Brunesco,sbrunesco1w@pcworld.com,Female,33.34.221.59
70,Lucias,Hempel,lhempel1x@wordpress.com,Male,43.109.36.49
71,Idell,Bruster,ibruster1y@ox.ac.uk,Female,146.205.96.56
72,Liza,Gristhwaite,lgristhwaite1z@oracle.com,Female,107.17.71.245
73,Kane,Kording,kkording20@npr.org,Male,195.53.90.246
74,Hermia,Leggs,hleggs21@zdnet.com,Genderqueer,98.183.197.90
75,Arel,De Roeck,aderoeck22@go.com,Male,222.8.27.51
76,Izaak,Mustard,imustard23@hexun.com,Male,84.101.233.72
77,Aubrette,Culter,aculter24@archive.org,Non-binary,17.57.188.171
78,Cherise,Veel,cveel25@dyndns.org,Female,104.140.137.112
79,Moore,Lauret,mlauret26@berkeley.edu,Male,204.88.101.83
80,Jeri,Corck,jcorck27@cornell.edu,Female,190.114.66.80
81,Edgard,Olivetti,eolivetti28@google.es,Male,104.10.84.181
82,Peter,Atthowe,patthowe29@nature.com,Male,231.24.184.60
83,Cam,Blondell,cblondell2a@hc360.com,Female,54.120.207.191
84,Lorianna,Paish,lpaish2b@aol.com,Female,229.94.228.56
85,Denys,Lisciandri,dlisciandri2c@parallels.com,Female,158.228.137.40
86,Vale,Barnsdale,vbarnsdale2d@independent.co.uk,Female,22.186.196.156
87,Ema,MacCostye,emaccostye2e@yellowpages.com,Female,19.217.136.22
88,Albrecht,Meric,americ2f@creativecommons.org,Male,88.12.130.8
89,Abrahan,Rafter,arafter2g@icq.com,Male,4.185.24.188
90,Quinta,Timms,qtimms2h@fastcompany.com,Non-binary,75.31.231.154
91,Murielle,Lampen,mlampen2i@mediafire.com,Female,143.31.222.227
92,Sly,Liddington,sliddington2j@naver.com,Male,76.146.190.134
93,Franklin,Haste,fhaste2k@shutterfly.com,Male,37.16.80.44
94,Verna,Wankling,vwankling2l@ifeng.com,Female,55.189.93.28
95,Rana,Grasha,rgrasha2m@guardian.co.uk,Female,236.217.118.234
96,Dory,Gillcrist,dgillcrist2n@dailymotion.com,Male,84.108.61.100
97,Jayson,Radwell,jradwell2o@wikia.com,Male,247.16.6.28
98,Wilone,Rucklidge,wrucklidge2p@pbs.org,Polygender,6.84.53.157
99,Hatti,Kensitt,hkensitt2q@hubpages.com,Female,135.252.123.71
100,Bronnie,Giovanizio,bgiovanizio2r@apache.org,Male,197.62.155.141
101,Rebe,Aspland,raspland2s@google.co.uk,Female,14.49.192.128
102,Meier,Salsberg,msalsberg2t@scribd.com,Polygender,44.89.167.248
103,Roxanne,Wintour,rwintour2u@rediff.com,Female,51.171.23.11
104,Gwendolyn,Cain,gcain2v@spotify.com,Female,194.224.0.225
105,Valle,Nibley,vnibley2w@berkeley.edu,Male,186.9.74.206
106,Ebenezer,Wistance,ewistance2x@sbwire.com,Male,129.46.76.66
107,Alverta,Claremont,aclaremont2y@noaa.gov,Female,188.200.105.60
108,Antonino,Paynton,apaynton2z@berkeley.edu,Male,102.176.61.187
109,Ferrel,Fancott,ffancott30@jugem.jp,Male,38.20.15.94
110,Marie-ann,Tebboth,mtebboth31@tumblr.com,Female,129.15.151.212
111,Pail,Graben,pgraben32@nsw.gov.au,Male,93.126.128.222
112,Gabrila,Bollon,gbollon33@marriott.com,Polygender,190.2.113.198
113,Reg,Athelstan,rathelstan34@ucoz.com,Male,52.219.95.190
114,Red,Woloschinski,rwoloschinski35@nationalgeographic.com,Non-binary,27.219.173.31
115,Veronica,Kach,vkach36@ask.com,Female,218.22.132.99
116,Nicolas,Farrin,nfarrin37@technorati.com,Male,82.162.125.221
117,Edouard,Elland,eelland38@nymag.com,Male,163.62.106.162
118,Trstram,O'Donnelly,todonnelly39@angelfire.com,Male,123.167.125.64
119,Becca,Hand,bhand3a@mozilla.org,Female,164.22.251.51
120,Gunilla,Corns,gcorns3b@ftc.gov,Female,84.188.60.153
121,Trey,Beadham,tbeadham3c@bandcamp.com,Male,144.202.4.101
122,Fiann,Fearey,ffearey3d@yelp.com,Female,186.250.69.138
123,Randee,Vaisey,rvaisey3e@timesonline.co.uk,Female,164.39.52.218
124,Glennie,Bugs,gbugs3f@so-net.ne.jp,Female,125.37.77.19
125,Laura,Kellard,lkellard3g@statcounter.com,Female,92.110.7.140
126,Joe,Cast,jcast3h@chron.com,Male,113.74.73.129
127,Gaylord,Lougheed,glougheed3i@dot.gov,Male,180.115.196.228
128,Muire,Seargeant,mseargeant3j@lycos.com,Female,239.247.99.103
129,Arney,Burroughes,aburroughes3k@unesco.org,Male,134.9.69.193
130,Kelsey,Matherson,kmatherson3l@bing.com,Female,26.1.204.243
131,Lewie,Lugden,llugden3m@domainmarket.com,Male,35.42.44.183
132,Belle,Crippes,bcrippes3n@wikispaces.com,Female,237.245.144.27
133,Elise,Cicco,ecicco3o@npr.org,Female,49.178.134.166
134,Isabelle,Zum Felde,izumfelde3p@people.com.cn,Female,59.144.21.140
135,Rosalie,Stoyell,rstoyell3q@github.io,Female,72.149.15.48
136,Tanya,Shower,tshower3r@wix.com,Female,138.110.239.56
137,Chandra,Puttnam,cputtnam3s@homestead.com,Female,100.35.135.51
138,Samson,Jesse,sjesse3t@usatoday.com,Male,129.50.231.147
139,Corella,Andrieux,candrieux3u@yellowbook.com,Female,248.254.179.242
140,Burch,Corrison,bcorrison3v@netvibes.com,Male,212.21.28.114
141,Sherry,Costigan,scostigan3w@tamu.edu,Female,126.177.141.12
142,Gabbey,Handes,ghandes3x@constantcontact.com,Female,24.152.144.221
143,Arlina,Gilroy,agilroy3y@alibaba.com,Female,163.228.130.149
144,Jackquelin,Kindle,jkindle3z@eepurl.com,Female,50.139.108.218
145,Kelcy,Sarfas,ksarfas40@github.io,Female,118.163.199.65
146,Cindi,Boocock,cboocock41@businessinsider.com,Female,238.152.255.120
147,Arden,Madsen,amadsen42@irs.gov,Female,119.117.84.192
148,Ebba,MacDiarmid,emacdiarmid43@chronoengine.com,Agender,117.205.154.148
149,Hendrik,Pestell,hpestell44@zimbio.com,Male,34.28.159.179
150,Marlena,Jaffray,mjaffray45@e-recht24.de,Female,204.197.96.162
151,Mort,Hargreave,mhargreave46@hexun.com,Male,64.111.188.226
152,Glennis,Pownall,gpownall47@pinterest.com,Female,189.250.183.14
153,Hailee,Swiffan,hswiffan48@dyndns.org,Female,34.180.124.242
154,Norbie,Yakubovics,nyakubovics49@ted.com,Male,247.56.161.252
155,Reagen,McPhater,rmcphater4a@statcounter.com,Male,216.135.225.105
156,Sara-ann,Camus,scamus4b@cloudflare.com,Female,208.250.200.126
157,Peterus,Brushfield,pbrushfield4c@artisteer.com,Genderfluid,228.115.151.124
158,Merilee,Freeberne,mfreeberne4d@abc.net.au,Female,1.119.20.2
159,Rupert,Baumadier,rbaumadier4e@dot.gov,Male,132.58.68.203
160,Carlen,Fretson,cfretson4f@bloglines.com,Female,214.140.97.192
161,Giulietta,Horlock,ghorlock4g@histats.com,Female,102.3.163.122
162,Mahala,Ruppele,mruppele4h@mapquest.com,Female,245.35.175.80
163,Lynnet,Ivashkin,livashkin4i@indiegogo.com,Female,155.15.110.115
164,Dennie,Sekulla,dsekulla4j@dedecms.com,Female,204.85.155.106
165,Giorgio,Radcliffe,gradcliffe4k@youtube.com,Male,137.196.145.19
166,Drusilla,Talby,dtalby4l@mysql.com,Female,73.215.103.212
167,Merill,Reboulet,mreboulet4m@hibu.com,Bigender,47.141.117.12
168,Hetti,MacSorley,hmacsorley4n@intel.com,Genderfluid,63.235.19.248
169,Gerhardine,Reisenstein,greisenstein4o@bbb.org,Female,86.249.58.137
170,Sullivan,Beadles,sbeadles4p@cafepress.com,Male,220.11.214.77
171,Katya,Leighton,kleighton4q@shop-pro.jp,Female,34.11.216.85
172,Mavis,Dymott,mdymott4r@topsy.com,Female,113.248.140.135
173,Haley,Irvine,hirvine4s@gizmodo.com,Female,47.32.78.187
174,Cris,Kilfether,ckilfether4t@nsw.gov.au,Agender,246.154.192.137
175,Cord,Benjafield,cbenjafield4u@spiegel.de,Male,199.105.40.3
176,Sonnnie,Bewick,sbewick4v@ebay.co.uk,Female,140.74.226.90
177,Gregoor,Sinclair,gsinclair4w@reuters.com,Male,233.102.201.7
178,Ches,Bartolozzi,cbartolozzi4x@opensource.org,Male,141.112.230.27
179,Papageno,Labro,plabro4y@skyrock.com,Male,155.47.40.166
180,Morly,Bernli,mbernli4z@webmd.com,Male,251.127.87.179
181,Jacqueline,Moorhead,jmoorhead50@list-manage.com,Female,97.108.242.7
182,Teri,Janusz,tjanusz51@cloudflare.com,Agender,122.29.145.174
183,Violet,Manilow,vmanilow52@japanpost.jp,Female,91.216.176.122
184,Enos,Napoli,enapoli53@ustream.tv,Male,165.24.235.84
185,Masha,Gasnell,mgasnell54@dedecms.com,Female,124.95.18.192
186,Poul,Arrow,parrow55@bravesites.com,Genderqueer,232.76.252.172
187,Athene,Dietz,adietz56@sun.com,Female,63.46.196.249
188,Basil,Apple,bapple57@narod.ru,Male,223.186.89.79
189,Arnoldo,Dosdale,adosdale58@zdnet.com,Male,154.29.153.180
190,Ashlan,MacLeod,amacleod59@bigcartel.com,Female,224.213.111.182
191,Eward,Lassetter,elassetter5a@oakley.com,Male,193.127.114.206
192,Xenos,Heifer,xheifer5b@digg.com,Male,102.249.33.96
193,Ernestus,O'Hern,eohern5c@symantec.com,Male,79.106.72.130
194,Abbe,Mahomet,amahomet5d@blogs.com,Male,97.225.77.166
195,Geneva,Legonidec,glegonidec5e@addthis.com,Female,51.58.172.206
196,Kermy,Hatcliffe,khatcliffe5f@house.gov,Male,166.43.62.178
197,Sinclare,Rubinchik,srubinchik5g@dell.com,Agender,37.247.253.163
198,Regan,Gillean,rgillean5h@princeton.edu,Female,114.255.214.49
199,Neila,Worvell,nworvell5i@tamu.edu,Female,233.174.159.92
200,Stanislaw,Seamons,sseamons5j@ihg.com,Male,175.64.164.165
201,Trista,Leatherland,tleatherland5k@zimbio.com,Female,14.133.138.14
202,Tamas,McIlharga,tmcilharga5l@symantec.com,Male,80.45.190.174
203,Whit,Vaen,wvaen5m@sbwire.com,Male,197.79.35.159
204,Forest,Hallex,fhallex5n@skyrock.com,Male,24.84.243.58
205,Randolf,Petriello,rpetriello5o@icio.us,Male,115.68.253.95
206,Katy,Girtin,kgirtin5p@apple.com,Female,102.141.197.26
207,Bettina,McElwee,bmcelwee5q@arstechnica.com,Female,173.4.57.113
208,Oren,Genery,ogenery5r@shareasale.com,Male,239.16.17.73
209,Mikkel,Digger,mdigger5s@geocities.com,Male,110.224.149.40
210,Rudolf,Quincey,rquincey5t@princeton.edu,Male,62.204.216.54
211,Phip,Sloane,psloane5u@theatlantic.com,Male,241.249.58.188
212,Murdock,Tune,mtune5v@chron.com,Genderqueer,198.233.79.84
213,Erskine,Gaither,egaither5w@ebay.com,Male,253.197.149.17
214,Hoyt,Walworth,hwalworth5x@ow.ly,Male,57.175.243.204
215,Peta,Macconaghy,pmacconaghy5y@networkadvertising.org,Female,214.31.175.239
216,Yehudi,Picker,ypicker5z@un.org,Non-binary,61.201.21.40
217,Venus,Whitebrook,vwhitebrook60@sciencedirect.com,Female,233.203.170.190
218,Yoshi,Rimes,yrimes61@fotki.com,Female,92.232.241.107
219,Algernon,Forshaw,aforshaw62@cbsnews.com,Male,172.28.1.68
220,Fonzie,Whitlaw,fwhitlaw63@fc2.com,Male,60.100.109.56
221,Chauncey,Raigatt,craigatt64@etsy.com,Male,63.115.191.158
222,Lynnea,Voules,lvoules65@smugmug.com,Female,233.49.226.121
223,Archaimbaud,Petrasso,apetrasso66@about.com,Male,134.230.94.99
224,Jenn,Garci,jgarci67@dailymail.co.uk,Female,110.111.156.13
225,Garvy,De Courtney,gdecourtney68@slideshare.net,Male,43.66.226.254
226,Peadar,Beagan,pbeagan69@usnews.com,Male,229.64.159.53
227,Cecilius,Mantz,cmantz6a@indiatimes.com,Male,207.121.55.42
228,Veradis,Soff,vsoff6b@wiley.com,Female,220.96.138.50
229,Corbin,Altimas,caltimas6c@ebay.co.uk,Male,120.40.223.11
230,Herbie,Chatto,hchatto6d@sbwire.com,Male,249.42.135.99
231,Cchaddie,Petkovic,cpetkovic6e@gizmodo.com,Male,20.236.17.220
232,Pietro,Butfield,pbutfield6f@amazon.de,Male,245.20.250.81
233,Hamilton,Cawdron,hcawdron6g@nifty.com,Male,11.150.179.171
234,Earvin,Jiggen,ejiggen6h@unblog.fr,Male,179.155.72.226
235,Stephana,Vardey,svardey6i@edublogs.org,Female,163.146.215.255
236,Lorens,Bras,lbras6j@clickbank.net,Genderfluid,145.137.15.33
237,Stephine,Doniso,sdoniso6k@rakuten.co.jp,Female,96.27.166.92
238,Abrahan,Hambric,ahambric6l@digg.com,Male,255.93.228.88
239,Tris,Chace,tchace6m@gravatar.com,Bigender,227.176.206.151
240,Carlyle,Scrimgeour,cscrimgeour6n@tuttocitta.it,Male,68.226.82.242
241,Leah,Brockton,lbrockton6o@prlog.org,Polygender,174.61.21.218
242,Gabrila,Joseff,gjoseff6p@japanpost.jp,Female,209.36.157.72
243,Verina,Lorentzen,vlorentzen6q@auda.org.au,Female,93.218.216.167
244,Cate,Fillan,cfillan6r@canalblog.com,Female,113.85.143.75
245,Hiram,Diglin,hdiglin6s@ask.com,Male,218.38.251.151
246,Peyter,Dello,pdello6t@purevolume.com,Male,206.150.227.192
247,Keenan,Coggon,kcoggon6u@disqus.com,Male,218.218.177.208
248,Lucinda,Hilhouse,lhilhouse6v@statcounter.com,Female,63.55.230.246
249,Kendall,Vegas,kvegas6w@dion.ne.jp,Male,145.75.222.66
250,Bendicty,McCaster,bmccaster6x@moonfruit.com,Male,228.181.235.165
251,Mahmoud,Kendrick,mkendrick6y@miitbeian.gov.cn,Male,75.205.157.68
252,Gradey,Venner,gvenner6z@nyu.edu,Male,125.173.85.149
253,Sadye,Kenright,skenright70@reference.com,Female,106.10.124.158
254,Elonore,Ends,eends71@state.gov,Female,228.39.141.219
255,Illa,Mapam,imapam72@weibo.com,Female,175.63.9.179
256,Minnie,Ible,mible73@shop-pro.jp,Female,218.121.51.100
257,Geoff,Finessy,gfinessy74@statcounter.com,Male,89.183.127.20
258,Filide,Rosbotham,frosbotham75@blinklist.com,Female,35.127.213.148
259,Hamlen,Heppenspall,hheppenspall76@dot.gov,Male,213.24.75.18
260,Vonny,Thickens,vthickens77@cargocollective.com,Bigender,43.36.57.142
261,Ferris,Cornthwaite,fcornthwaite78@businessweek.com,Male,21.111.86.102
262,Freida,MacNamara,fmacnamara79@blogtalkradio.com,Female,106.145.215.179
263,Atlanta,Nares,anares7a@cbc.ca,Female,221.15.113.166
264,Hilly,Greengrass,hgreengrass7b@typepad.com,Male,203.211.98.215
265,Bernardine,Hansel,bhansel7c@pbs.org,Non-binary,150.23.82.76
266,Justinian,Perazzo,jperazzo7d@google.it,Male,72.204.102.166
267,Elvis,Chuck,echuck7e@purevolume.com,Male,4.138.4.166
268,Tracie,Pyne,tpyne7f@cam.ac.uk,Female,132.146.161.233
269,Clive,Dews,cdews7g@mozilla.org,Male,173.174.62.179
270,Wright,Wherrit,wwherrit7h@elegantthemes.com,Male,128.223.138.6
271,Ulric,Willerton,uwillerton7i@bbb.org,Male,170.24.224.96
272,Perice,Birmingham,pbirmingham7j@dmoz.org,Male,127.129.5.7
273,Sonya,Riditch,sriditch7k@google.com.hk,Female,220.120.151.128
274,Tonya,Cadle,tcadle7l@dyndns.org,Female,27.234.178.7
275,Sheelagh,Colman,scolman7m@sciencedaily.com,Female,51.250.12.220
276,Shalne,Riccardi,sriccardi7n@ow.ly,Female,21.83.186.180
277,Violante,Rowlings,vrowlings7o@stumbleupon.com,Female,65.102.42.52
278,Kathleen,Kuzemka,kkuzemka7p@mozilla.com,Female,147.69.179.52
279,Veda,Penwright,vpenwright7q@nba.com,Female,175.193.224.162
280,Cornela,Estabrook,cestabrook7r@google.ca,Female,61.169.153.91
281,Ashil,Tamplin,atamplin7s@jiathis.com,Female,208.56.162.25
282,Janenna,Jager,jjager7t@posterous.com,Female,209.153.1.205
283,Emogene,Duchatel,educhatel7u@arstechnica.com,Female,255.29.225.196
284,Patton,Bennison,pbennison7v@timesonline.co.uk,Male,70.249.16.136
285,Emmaline,Neiland,eneiland7w@cnn.com,Female,52.81.47.154
286,Georgina,Manley,gmanley7x@parallels.com,Female,195.55.145.63
287,Adrianne,Broxton,abroxton7y@geocities.jp,Female,85.98.173.173
288,Jodi,Goodhall,jgoodhall7z@cbslocal.com,Female,120.120.189.80
289,Hadlee,O'Fielly,hofielly80@theguardian.com,Male,54.181.231.89
290,Joycelin,Olivet,jolivet81@patch.com,Female,62.106.175.97
291,Mora,Cabell,mcabell82@pen.io,Female,89.190.68.143
292,Romeo,Bance,rbance83@ft.com,Male,15.214.172.243
293,Nolana,Accum,naccum84@google.cn,Female,247.253.96.209
294,Clark,Worsley,cworsley85@multiply.com,Male,160.46.196.109
295,Emelia,Dachey,edachey86@shareasale.com,Female,174.72.110.1
296,Caterina,Sexon,csexon87@foxnews.com,Female,238.84.89.206
297,Calhoun,Schoolcroft,cschoolcroft88@google.fr,Male,50.86.18.52
298,Anjela,Getten,agetten89@cbc.ca,Female,36.95.195.46
299,Talbot,Bilt,tbilt8a@upenn.edu,Male,87.160.0.89
300,Caroline,Damsell,cdamsell8b@angelfire.com,Female,167.124.1.246
301,King,Boyen,kboyen8c@people.com.cn,Genderfluid,4.191.58.76
302,Lemmie,Tabart,ltabart8d@earthlink.net,Male,60.172.251.141
303,Rebekkah,Harm,rharm8e@list-manage.com,Female,59.127.118.1
304,Elsworth,Madgin,emadgin8f@feedburner.com,Male,183.217.113.56
305,Seumas,D'Hooghe,sdhooghe8g@gov.uk,Male,1.117.50.221
306,Daffi,Monkeman,dmonkeman8h@europa.eu,Female,170.20.217.199
307,Charlie,Keay,ckeay8i@mapquest.com,Male,36.26.220.182
308,Traci,Stoakes,tstoakes8j@businessweek.com,Female,232.152.175.232
309,Vania,Bohler,vbohler8k@acquirethisname.com,Female,117.111.110.164
310,Charmaine,Legate,clegate8l@istockphoto.com,Female,142.36.225.19
311,Engracia,Linnett,elinnett8m@vimeo.com,Female,183.232.84.90
312,Carolyn,Chadbourne,cchadbourne8n@privacy.gov.au,Female,96.227.8.141
313,Marena,Emmins,memmins8o@dagondesign.com,Female,212.233.61.227
314,Colene,Sorbie,csorbie8p@huffingtonpost.com,Female,138.112.224.9
315,Jobye,Stoite,jstoite8q@cocolog-nifty.com,Polygender,168.55.158.5
316,Nalani,Brizland,nbrizland8r@phoca.cz,Female,238.80.242.114
317,Galven,Maddie,gmaddie8s@dot.gov,Male,233.109.254.241
318,Saunderson,Mulbery,smulbery8t@webs.com,Male,211.212.249.228
319,Vaclav,Proctor,vproctor8u@shutterfly.com,Male,253.167.55.173
320,Wye,Sutch,wsutch8v@ucoz.com,Male,4.80.105.19
321,Thomas,Keeble,tkeeble8w@bing.com,Male,237.109.36.148
322,Tania,Moynham,tmoynham8x@tinypic.com,Female,255.229.28.216
323,Julie,Clemon,jclemon8y@narod.ru,Male,52.156.31.255
324,Nahum,Strahan,nstrahan8z@cnbc.com,Non-binary,116.175.218.51
325,Sonni,Downing,sdowning90@goodreads.com,Female,193.36.254.217
326,Lorelei,Gelardi,lgelardi91@netscape.com,Female,169.166.42.236
327,Melinde,Willmore,mwillmore92@a8.net,Female,23.202.254.57
328,Poul,MacConneely,pmacconneely93@cnet.com,Male,19.165.95.116
329,Hali,Ajam,hajam94@etsy.com,Female,98.5.250.64
330,Anya,Cossam,acossam95@sogou.com,Female,247.193.52.245
331,Ann,Copp,acopp96@msn.com,Female,119.59.65.252
332,Candis,Bartholat,cbartholat97@mediafire.com,Female,5.171.27.155
333,Robinson,Bollon,rbollon98@ebay.com,Male,23.59.189.27
334,Saul,Markey,smarkey99@quantcast.com,Male,210.88.195.21
335,Wally,Galler,wgaller9a@wix.com,Genderfluid,124.188.152.196
336,Bernelle,Piercey,bpiercey9b@fema.gov,Female,38.81.204.82
337,Nicoline,Frangione,nfrangione9c@woothemes.com,Female,85.20.89.75
338,Culley,Corp,ccorp9d@noaa.gov,Male,189.74.193.66
339,Eleanora,Whordley,ewhordley9e@g.co,Female,49.216.20.130
340,Shaylynn,Maria,smaria9f@virginia.edu,Agender,252.52.111.251
341,Babs,Huard,bhuard9g@vistaprint.com,Female,149.240.175.91
342,Pall,Mansbridge,pmansbridge9h@netscape.com,Male,22.134.77.161
343,Averyl,Eke,aeke9i@mozilla.org,Female,238.4.4.74
344,Luce,Bever,lbever9j@123-reg.co.uk,Female,83.196.14.186
345,Vern,Bennedsen,vbennedsen9k@nymag.com,Male,211.155.227.11
346,Jewell,Klima,jklima9l@oaic.gov.au,Female,120.105.166.183
347,Doralynn,Gosenell,dgosenell9m@delicious.com,Female,135.102.155.112
348,Izaak,Van Arsdall,ivanarsdall9n@usnews.com,Male,14.33.36.62
349,Spencer,Kindleside,skindleside9o@census.gov,Male,182.93.133.180
350,Whitman,Coogan,wcoogan9p@china.com.cn,Male,238.53.27.185
351,Napoleon,Bedin,nbedin9q@usa.gov,Male,71.56.59.14
352,Pennie,Gillbanks,pgillbanks9r@comsenz.com,Male,254.196.126.128
353,Julietta,DeSousa,jdesousa9s@paginegialle.it,Female,125.65.94.97
354,Charlean,Ronald,cronald9t@comcast.net,Female,204.139.96.229
355,Lorrin,Raymont,lraymont9u@ed.gov,Female,124.15.154.210
356,Roy,Gilman,rgilman9v@typepad.com,Male,144.121.108.27
357,Eamon,Jamot,ejamot9w@businessweek.com,Male,135.109.167.33
358,Emlyn,Rossbrook,erossbrook9x@topsy.com,Male,176.190.73.29
359,Alick,Garfit,agarfit9y@sciencedaily.com,Male,79.247.180.188
360,Bernetta,Lecordier,blecordier9z@ca.gov,Female,46.249.176.230
361,Akim,Cosbee,acosbeea0@webmd.com,Male,250.239.9.202
362,Lefty,Clyant,lclyanta1@gizmodo.com,Male,48.142.194.72
363,Brennan,Fulcher,bfulchera2@jalbum.net,Male,148.55.4.239
364,Gabey,Catcherside,gcatchersidea3@yolasite.com,Female,168.60.128.29
365,Raynell,Danett,rdanetta4@quantcast.com,Female,155.230.191.215
366,Theodor,Cassie,tcassiea5@instagram.com,Male,199.40.199.205
367,Fairfax,Darque,fdarquea6@state.gov,Male,94.39.192.11
368,Brant,Hannent,bhannenta7@bloomberg.com,Male,29.180.142.168
369,Merrel,Greatreax,mgreatreaxa8@si.edu,Male,61.106.38.122
370,Olly,Kroch,okrocha9@xrea.com,Male,205.149.101.231
371,Cass,Southon,csouthonaa@jimdo.com,Female,115.25.36.212
372,Godwin,Castano,gcastanoab@google.ru,Male,169.191.42.193
373,Maris,Beevis,mbeevisac@hubpages.com,Female,229.165.119.97
374,Cordell,Jaquin,cjaquinad@cnbc.com,Male,213.255.58.98
375,Lorilyn,Haffenden,lhaffendenae@chron.com,Female,229.240.23.180
376,Babbette,Carlo,bcarloaf@reuters.com,Female,55.160.170.77
377,Fairleigh,Paoloni,fpaoloniag@npr.org,Male,17.21.164.225
378,Jaymee,Adiscot,jadiscotah@quantcast.com,Female,38.107.36.117
379,Daveen,McMeekan,dmcmeekanai@sciencedaily.com,Female,144.87.19.34
380,Paige,Anwell,panwellaj@reddit.com,Male,197.20.163.152
381,Susie,McGinlay,smcginlayak@nifty.com,Female,109.43.238.180
382,Conrade,McVeigh,cmcveighal@amazon.co.uk,Male,78.38.139.148
383,Ethyl,Derx,ederxam@lycos.com,Female,104.73.161.5
384,Darn,Wilden,dwildenan@canalblog.com,Male,167.251.1.160
385,Em,Colville,ecolvilleao@godaddy.com,Female,185.38.222.54
386,Sibella,Craigie,scraigieap@elpais.com,Female,251.202.210.10
387,Glen,Carlsson,gcarlssonaq@1688.com,Non-binary,112.80.90.95
388,Taddeo,Boneham,tbonehamar@biblegateway.com,Male,195.227.9.67
389,Lynn,Bouchard,lbouchardas@paypal.com,Non-binary,62.50.173.128
390,Brand,Eadon,beadonat@theglobeandmail.com,Polygender,164.232.3.255
391,Elsworth,Grogona,egrogonaau@cnet.com,Male,218.250.30.237
392,Rufus,Cartmel,rcartmelav@netvibes.com,Male,194.73.232.253
393,Cristal,Liver,cliveraw@wordpress.com,Female,253.243.156.192
394,Rebecca,Wormell,rwormellax@nytimes.com,Female,210.120.232.52
395,Kenton,Regenhardt,kregenhardtay@shareasale.com,Male,45.21.71.138
396,Lalo,Matfin,lmatfinaz@slideshare.net,Male,27.129.197.168
397,Derk,Shawcroft,dshawcroftb0@foxnews.com,Male,175.48.22.102
398,Roger,Cottesford,rcottesfordb1@trellian.com,Male,3.7.83.0
399,Osmund,Blyde,oblydeb2@nyu.edu,Male,188.228.219.137
400,Town,Hardware,thardwareb3@cargocollective.com,Male,252.6.246.70
401,Norbie,Scurfield,nscurfieldb4@biglobe.ne.jp,Male,211.91.110.9
402,Rosemaria,Mettricke,rmettrickeb5@miibeian.gov.cn,Female,231.36.207.150
403,Haywood,Bloor,hbloorb6@abc.net.au,Male,72.114.133.165
404,Arda,Ledwich,aledwichb7@accuweather.com,Female,7.232.171.210
405,Vilhelmina,Gainforth,vgainforthb8@home.pl,Female,39.29.56.220
406,Vivianna,Curthoys,vcurthoysb9@cnn.com,Female,91.29.208.42
407,Nona,Tideswell,ntideswellba@gizmodo.com,Female,171.71.118.130
408,Isabeau,Flemyng,iflemyngbb@huffingtonpost.com,Genderqueer,37.82.102.90
409,Vivianne,Makey,vmakeybc@marriott.com,Female,254.103.22.238
410,Flory,Crichten,fcrichtenbd@ebay.co.uk,Agender,73.210.254.197
411,Huntington,Stickles,hsticklesbe@techcrunch.com,Male,95.241.143.120
412,Vanna,Tudge,vtudgebf@salon.com,Female,247.186.214.13
413,Kylen,Mauvin,kmauvinbg@yolasite.com,Female,167.72.214.37
414,Ingaberg,Batthew,ibatthewbh@jimdo.com,Female,100.188.238.81
415,Kirsteni,Darkott,kdarkottbi@cbc.ca,Female,57.53.44.176
416,Anselma,D'Costa,adcostabj@phpbb.com,Female,81.205.55.66
417,Meredith,Dyott,mdyottbk@example.com,Female,148.90.63.111
418,Loella,Kabisch,lkabischbl@imdb.com,Female,79.173.164.249
419,Ferris,Everil,feverilbm@hc360.com,Male,89.169.11.148
420,Salome,Fley,sfleybn@sakura.ne.jp,Female,188.137.193.141
421,Darcy,Mollatt,dmollattbo@theglobeandmail.com,Male,255.27.38.41
422,Darcee,Date,ddatebp@rediff.com,Female,2.174.211.2
423,Stanislas,Lowmass,slowmassbq@ocn.ne.jp,Male,107.104.234.41
424,Odele,Jerrems,ojerremsbr@google.com.br,Female,154.179.130.130
425,Milka,Arnoult,marnoultbs@census.gov,Female,164.219.161.80
426,Angelia,Mayor,amayorbt@purevolume.com,Female,79.130.131.77
427,Les,Betty,lbettybu@wiley.com,Male,113.111.179.15
428,Tonie,Downey,tdowneybv@salon.com,Female,195.232.242.116
429,Patience,Bulteel,pbulteelbw@cpanel.net,Female,56.10.153.39
430,Shaylyn,Stanier,sstanierbx@over-blog.com,Female,83.28.58.227
431,Jaclin,Tranmer,jtranmerby@canalblog.com,Female,84.174.244.19
432,Lonny,Odell,lodellbz@cmu.edu,Male,24.33.174.116
433,Bent,Laba,blabac0@archive.org,Male,198.217.33.119
434,Bay,Clelland,bclellandc1@statcounter.com,Male,2.9.74.58
435,Horace,Veschambes,hveschambesc2@cafepress.com,Male,124.206.46.27
436,Ford,Corser,fcorserc3@upenn.edu,Male,151.207.101.55
437,Langston,Sporner,lspornerc4@naver.com,Male,246.227.142.167
438,Peder,Manntschke,pmanntschkec5@guardian.co.uk,Agender,50.78.252.231
439,Trescha,Emlin,temlinc6@house.gov,Female,141.168.143.32
440,Aprilette,Pitkaithly,apitkaithlyc7@ustream.tv,Female,175.97.255.55
441,Opalina,Lightollers,olightollersc8@hexun.com,Female,52.124.49.202
442,Noby,Breach,nbreachc9@businessinsider.com,Male,158.95.132.135
443,Oby,Kail,okailca@narod.ru,Genderqueer,19.126.24.38
444,Ford,Castell,fcastellcb@vimeo.com,Male,218.50.72.204
445,Cynthie,Basill,cbasillcc@skype.com,Female,64.51.183.41
446,Kitti,Dalinder,kdalindercd@bizjournals.com,Polygender,131.243.19.16
447,Fawnia,Borthe,fborthece@qq.com,Female,204.208.25.111
448,Thalia,Silverstone,tsilverstonecf@artisteer.com,Bigender,226.50.48.83
449,Linoel,Woolner,lwoolnercg@alexa.com,Bigender,148.57.156.227
450,Catriona,Goodband,cgoodbandch@bloomberg.com,Female,217.240.13.62
451,Yelena,Grinstead,ygrinsteadci@jimdo.com,Female,253.84.149.39
452,Bary,Sarjant,bsarjantcj@4shared.com,Male,93.204.14.187
453,Cullan,Kyffin,ckyffinck@plala.or.jp,Male,139.203.151.31
454,Marlane,Dadley,mdadleycl@baidu.com,Female,213.182.96.208
455,Yance,Oolahan,yoolahancm@aol.com,Male,172.171.39.207
456,Shelton,Layus,slayuscn@slashdot.org,Polygender,67.55.173.236
457,Kyle,Claybourne,kclaybourneco@php.net,Male,224.252.168.231
458,Frasco,Ingry,fingrycp@hatena.ne.jp,Male,50.146.196.189
459,Josh,Varvell,jvarvellcq@vimeo.com,Male,209.11.151.6
460,Thomasa,Vuittet,tvuittetcr@google.co.jp,Female,79.98.78.182
461,Hartwell,Della,hdellacs@geocities.com,Male,116.2.135.16
462,Pancho,Garrals,pgarralsct@networksolutions.com,Male,248.6.178.129
463,Sandro,Harback,sharbackcu@vinaora.com,Male,5.13.164.125
464,Brien,Kitcher,bkitchercv@topsy.com,Male,218.95.159.146
465,Kalie,Constantine,kconstantinecw@biblegateway.com,Female,176.102.4.106
466,Torrin,Kingman,tkingmancx@guardian.co.uk,Male,26.227.42.150
467,Thatcher,Hampshire,thampshirecy@lycos.com,Male,48.210.233.2
468,Perla,Mohun,pmohuncz@comcast.net,Female,192.163.252.88
469,Reynold,Baillie,rbaillied0@howstuffworks.com,Male,171.158.40.127
470,Vida,Sprigings,vsprigingsd1@salon.com,Female,115.143.69.153
471,Hector,Addington,haddingtond2@discovery.com,Male,2.155.191.42
472,Chandal,Grzegorek,cgrzegorekd3@weebly.com,Female,229.183.112.50
473,Simonette,Tofanini,stofaninid4@geocities.jp,Female,60.83.134.22
474,Quentin,Belverstone,qbelverstoned5@angelfire.com,Female,167.150.53.68
475,Charlena,Realff,crealffd6@yandex.ru,Female,79.84.215.153
476,Timmie,Westney,twestneyd7@go.com,Male,183.36.245.85
477,Sayre,Dugdale,sdugdaled8@about.com,Male,94.253.40.149
478,Zared,Witson,zwitsond9@istockphoto.com,Male,245.94.137.86
479,Vina,Wildish,vwildishda@google.es,Female,117.98.88.40
480,Artemis,Vian,aviandb@webmd.com,Male,206.158.23.199
481,Dilan,Kilsby,dkilsbydc@163.com,Male,203.119.81.59
482,Cassie,Phillippo,cphillippodd@abc.net.au,Female,51.81.51.97
483,Krissie,Scarbarrow,kscarbarrowde@people.com.cn,Female,155.6.170.94
484,De witt,McGoldrick,dmcgoldrickdf@archive.org,Male,73.109.124.204
485,Galvin,Pentelo,gpentelodg@blogger.com,Male,27.249.178.180
486,Orlan,Danilchenko,odanilchenkodh@linkedin.com,Male,190.208.150.49
487,Domeniga,Pasterfield,dpasterfielddi@howstuffworks.com,Female,89.231.216.158
488,Enrica,Dargie,edargiedj@mlb.com,Female,201.22.6.51
489,Zane,Runsey,zrunseydk@ucla.edu,Male,210.86.72.59
490,Lorene,Nealey,lnealeydl@fema.gov,Female,203.54.204.108
491,Gabbi,Pappin,gpappindm@army.mil,Female,144.107.51.248
492,Dorthy,Rance,drancedn@people.com.cn,Female,182.118.83.152
493,Nissy,Fillan,nfillando@bandcamp.com,Female,130.45.46.44
494,Guglielmo,Yearns,gyearnsdp@slate.com,Male,103.202.93.175
495,Adelice,Arblaster,aarblasterdq@mtv.com,Female,66.229.40.87
496,Alvin,Tichner,atichnerdr@cocolog-nifty.com,Male,179.195.179.226
497,Aimee,Soitoux,asoitouxds@state.gov,Female,209.94.79.170
498,Giorgio,Brundall,gbrundalldt@yahoo.com,Male,238.68.202.169
499,Jess,Breach,jbreachdu@gov.uk,Male,78.137.134.162
500,Iggie,Laverenz,ilaverenzdv@google.ca,Male,249.216.180.160
501,Laurie,Giovannetti,lgiovannettidw@wikimedia.org,Male,33.192.105.18
502,Ware,Itzkovitch,witzkovitchdx@hp.com,Male,81.62.27.70
503,Quentin,Kinlock,qkinlockdy@hp.com,Female,234.200.25.72
504,Perkin,Nano,pnanodz@geocities.com,Male,80.167.171.131
505,Vikki,Greneham,vgrenehame0@illinois.edu,Genderqueer,197.228.221.214
506,Judas,Condon,jcondone1@issuu.com,Male,100.168.227.93
507,Aurthur,Palffy,apalffye2@apache.org,Male,211.59.120.143
508,Jerri,Stilling,jstillinge3@bravesites.com,Male,41.135.46.229
509,Cordula,O'Fallone,cofallonee4@quantcast.com,Non-binary,166.105.240.18
510,Brandyn,Medford,bmedforde5@rambler.ru,Male,31.26.32.182
511,Thibaut,Alldritt,talldritte6@mayoclinic.com,Male,131.170.164.156
512,Sully,Pantlin,spantline7@google.co.jp,Male,20.109.59.5
