id,first_name,last_name,email,gender,ip_address
1,Charissa,Quennell,cquennell0@ow.ly,Polygender,44.222.136.206
2,Cly,Forryan,cforryan1@dagondesign.com,Male,111.86.120.208
3,Ronna,Brayne,rbrayne2@t-online.de,Female,203.221.84.182
4,Ari,Bricksey,abricksey3@ifeng.com,Male,249.223.161.86
5,Merrill,Gulberg,mgulberg4@lycos.com,Male,40.31.192.98
6,Howey,Francey,hfrancey5@newyorker.com,Male,144.16.210.43
7,Blythe,Chillcot,bchillcot6@google.com.au,Female,32.40.178.27
8,Mable,Burdikin,mburdikin7@reference.com,Female,147.191.207.52
9,Essie,Stamper,estamper8@jimdo.com,Female,142.203.25.61
10,Giorgia,Bispham,gbispham9@furl.net,Female,54.215.111.165
11,Maxy,Wife,mwifea@reverbnation.com,Male,203.119.76.83
12,Netti,Kirwin,nkirwinb@state.tx.us,Female,186.13.131.44
13,Maudie,Semens,msemensc@virginia.edu,Female,185.240.69.118
14,Rosella,Dimitresco,rdimitrescod@google.com,Female,28.249.31.199
15,Burl,Pinchon,bpinchone@foxnews.com,Male,215.42.68.165
16,Farley,Heaviside,fheavisidef@people.com.cn,Male,68.52.216.71
17,Stanton,Pernell,spernellg@studiopress.com,Male,13.212.79.111
18,Zola,Greenig,zgreenigh@homestead.com,Female,239.234.7.177
19,Emilee,Scarce,escarcei@phoca.cz,Female,28.71.140.53
20,Morty,Walczak,mwalczakj@accuweather.com,Male,149.57.179.98
21,Witty,Ilsley,wilsleyk@msn.com,Male,164.107.152.59
22,Daisey,Rew,drewl@a8.net,Genderqueer,57.89.238.147
23,Toby,Rupel,trupelm@foxnews.com,Female,123.116.254.242
24,Wren,Davidovsky,wdavidovskyn@tinypic.com,Female,29.63.66.174
25,Sidney,Duddle,sduddleo@tiny.cc,Male,130.186.91.43
26,Morgan,Raselles,mrasellesp@surveymonkey.com,Female,159.141.170.237
27,Sophia,Wickey,swickeyq@ebay.co.uk,Female,99.252.6.43
28,Kamila,Sevier,ksevierr@wikispaces.com,Female,139.42.193.20
29,Lucais,Roycroft,lroycrofts@uiuc.edu,Male,4.189.80.201
30,Adena,Cheel,acheelt@aboutads.info,Female,86.211.13.146
31,Nick,Marval,nmarvalu@mapy.cz,Male,222.254.132.179
32,Laina,Featenby,lfeatenbyv@wired.com,Female,62.11.111.31
33,Cazzie,Hopkynson,chopkynsonw@latimes.com,Male,41.178.206.142
34,Berty,Withur,bwithurx@weebly.com,Male,235.91.129.52
35,Ned,Duignan,nduignany@wikispaces.com,Genderqueer,165.88.156.69
36,Florrie,Rounsefell,frounsefellz@qq.com,Agender,3.253.201.119
37,Sharia,Barwood,sbarwood10@ezinearticles.com,Female,164.218.96.218
38,Jordanna,Keenlayside,jkeenlayside11@ning.com,Female,74.35.22.207
39,Gabriello,Dring,gdring12@joomla.org,Male,46.38.174.164
40,Marvin,Tythe,mtythe13@ocn.ne.jp,Male,176.39.199.71
41,Nicholas,Boyington,nboyington14@webnode.com,Genderfluid,80.240.235.202
42,Saleem,Ricketts,sricketts15@moonfruit.com,Male,54.107.43.118
43,Casar,Hanlin,chanlin16@taobao.com,Male,101.45.61.167
44,Solomon,Hancorn,shancorn17@alexa.com,Male,19.244.40.94
45,Kingston,Steinson,ksteinson18@woothemes.com,Non-binary,192.138.51.111
46,Sergeant,Roseaman,sroseaman19@sohu.com,Male,199.61.210.131
47,Theadora,Jerwood,tjerwood1a@about.me,Female,66.110.36.175
48,Dede,Dyhouse,ddyhouse1b@howstuffworks.com,Female,222.108.229.159
49,Corabella,Halward,chalward1c@gnu.org,Female,252.106.30.217
50,Marcille,Ashenhurst,mashenhurst1d@engadget.com,Female,116.75.104.251
51,Ardene,Mabb,amabb1e@live.com,Female,202.153.154.207
52,Hertha,Gingell,hgingell1f@msn.com,Female,30.12.177.25
53,Jerrilee,Unwin,junwin1g@cafepress.com,Genderqueer,196.115.220.222
54,Cobb,Cowwell,ccowwell1h@youku.com,Male,196.69.116.64
55,Agosto,Pim,apim1i@facebook.com,Male,84.3.114.65
56,Alis,Lamport,alamport1j@slashdot.org,Female,106.211.67.106
57,Cornela,Kleinsmuntz,ckleinsmuntz1k@hp.com,Agender,230.253.248.58
58,Minny,Podbury,mpodbury1l@shop-pro.jp,Female,202.228.25.14
59,Selma,Moxted,smoxted1m@ted.com,Female,112.135.138.11
60,Wini,Reubens,wreubens1n@jimdo.com,Female,91.22.109.30
61,Florian,Janacek,fjanacek1o@qq.com,Male,255.205.197.30
62,Franklin,Gianotti,fgianotti1p@ucsd.edu,Male,153.69.240.104
63,Briant,Erasmus,berasmus1q@abc.net.au,Male,111.81.229.119
64,Alexandro,Radki,aradki1r@slate.com,Agender,46.130.141.121
65,Rafaelia,Scutchings,rscutchings1s@vimeo.com,Female,67.250.18.206
66,Waylin,Canham,wcanham1t@sbwire.com,Male,169.170.159.3
67,Brew,Craze,bcraze1u@vkontakte.ru,Male,246.144.109.212
68,Kristoforo,Coppard,kcoppard1v@jimdo.com,Male,7.152.13.104
69,Silva,Boliver,sboliver1w@flavors.me,Agender,30.163.181.13
70,Bliss,Dallaway,bdallaway1x@cpanel.net,Female,88.110.87.155
71,Waite,Munkley,wmunkley1y@salon.com,Male,19.120.88.116
72,Gertruda,Snoxill,gsnoxill1z@washington.edu,Female,249.26.135.167
73,Forbes,Championnet,fchampionnet20@globo.com,Male,134.139.97.171
74,Amaleta,Barnbrook,abarnbrook21@yandex.ru,Female,198.49.103.173
75,Sadie,Clampett,sclampett22@sciencedaily.com,Female,170.229.201.171
76,Lynett,Gofforth,lgofforth23@mozilla.org,Female,205.195.54.87
77,Lu,Brenneke,lbrenneke24@nydailynews.com,Female,250.123.225.17
78,Mycah,Pennycock,mpennycock25@wordpress.com,Male,231.43.140.144
79,Chadd,Duigan,cduigan26@shinystat.com,Male,169.201.153.213
80,Brittani,Andres,bandres27@netvibes.com,Female,215.176.77.153
81,Bill,Tillerton,btillerton28@booking.com,Male,50.133.197.223
82,Marion,Schaffler,mschaffler29@over-blog.com,Male,124.100.113.81
83,Ealasaid,Redler,eredler2a@reverbnation.com,Female,140.67.47.126
84,Bailey,Windybank,bwindybank2b@psu.edu,Male,39.34.139.122
85,Lynnea,Stroulger,lstroulger2c@wunderground.com,Female,148.124.115.112
86,Jana,Loder,jloder2d@paginegialle.it,Female,199.71.238.98
87,Munroe,Bridgement,mbridgement2e@yandex.ru,Male,219.112.169.149
88,Falkner,Levick,flevick2f@biblegateway.com,Male,7.13.106.106
89,Corry,Lambshine,clambshine2g@newyorker.com,Female,83.209.157.203
90,Urbain,Young,uyoung2h@dagondesign.com,Polygender,181.247.86.247
91,Gayel,Pancoust,gpancoust2i@hugedomains.com,Female,93.229.77.60
92,Alexina,Blissett,ablissett2j@boston.com,Female,167.150.29.3
93,Kelcey,Larrie,klarrie2k@apache.org,Female,119.105.93.240
94,Sherlock,Cowgill,scowgill2l@devhub.com,Agender,203.58.139.65
95,Corrianne,Oherlihy,coherlihy2m@delicious.com,Female,185.33.27.178
96,Dorie,Pipe,dpipe2n@sohu.com,Female,179.217.100.64
97,Helen,Benediktovich,hbenediktovich2o@apple.com,Female,130.51.71.3
98,Walliw,Robe,wrobe2p@dot.gov,Female,103.102.42.169
99,Gabbie,Hamal,ghamal2q@taobao.com,Male,85.154.178.203
100,Rosabel,Luckwell,rluckwell2r@hp.com,Female,193.196.86.205
101,Lisbeth,Coleridge,lcoleridge2s@nydailynews.com,Bigender,119.4.224.179
102,Curt,Raikes,craikes2t@hostgator.com,Male,97.253.98.138
103,Will,Doughty,wdoughty2u@ucoz.ru,Male,211.70.84.191
104,Jacquelin,Colls,jcolls2v@dailymotion.com,Female,177.137.179.253
105,Borg,Marunchak,bmarunchak2w@sbwire.com,Male,98.51.18.113
106,Eustace,Planks,eplanks2x@example.com,Male,109.112.228.150
107,Grenville,Egdal,gegdal2y@meetup.com,Male,179.198.15.85
108,Burton,Biesterfeld,bbiesterfeld2z@stumbleupon.com,Male,219.127.230.168
109,Irena,Caudell,icaudell30@tuttocitta.it,Female,101.42.23.128
110,Gianni,Kinsella,gkinsella31@senate.gov,Male,116.143.228.107
111,Maurene,Chesney,mchesney32@ehow.com,Female,126.100.10.164
112,Willie,Bellelli,wbellelli33@howstuffworks.com,Male,137.17.137.221
113,Samuel,Pudge,spudge34@infoseek.co.jp,Male,253.166.154.39
114,Giuseppe,Melson,gmelson35@bizjournals.com,Male,126.206.156.13
115,Ertha,Trevenu,etrevenu36@freewebs.com,Female,110.222.200.75
116,Alphonso,Chitson,achitson37@theguardian.com,Male,31.225.28.35
117,Dimitri,Keyzor,dkeyzor38@goo.gl,Male,122.232.1.118
118,Audry,Tillard,atillard39@irs.gov,Female,79.231.200.43
119,Gavin,Vanns,gvanns3a@oakley.com,Non-binary,255.98.190.72
120,Paddy,Caccavella,pcaccavella3b@microsoft.com,Male,20.99.176.85
121,Benetta,Eddies,beddies3c@slashdot.org,Female,42.173.39.91
122,Mindy,Quigley,mquigley3d@dailymotion.com,Female,30.244.192.240
123,Petunia,Harkess,pharkess3e@cbslocal.com,Non-binary,115.9.228.76
124,Hermione,Ovid,hovid3f@soup.io,Female,88.77.222.242
125,Guglielma,Grimstead,ggrimstead3g@ft.com,Agender,88.129.244.232
126,Carolee,Melmeth,cmelmeth3h@webeden.co.uk,Female,41.82.169.234
127,Ermin,Ullyatt,eullyatt3i@alibaba.com,Male,49.21.182.180
128,Maisie,Marnane,mmarnane3j@ning.com,Female,113.137.54.225
129,Francklin,Lillgard,flillgard3k@cam.ac.uk,Male,3.28.198.157
130,Shaylyn,Pethybridge,spethybridge3l@scribd.com,Female,212.201.201.235
131,Bellanca,Elloway,belloway3m@scientificamerican.com,Female,191.44.201.192
132,Lon,Keningham,lkeningham3n@wordpress.com,Male,231.116.21.154
133,Alexandros,Falkner,afalkner3o@techcrunch.com,Male,168.235.9.48
134,Alyson,Berfoot,aberfoot3p@google.de,Bigender,215.168.143.31
135,Madalena,Sproul,msproul3q@istockphoto.com,Female,254.46.36.119
136,Jerrold,Quigg,jquigg3r@nationalgeographic.com,Male,31.248.180.112
137,Jody,Spavon,jspavon3s@howstuffworks.com,Female,164.175.148.77
138,Karola,Boame,kboame3t@hostgator.com,Female,182.133.142.213
139,Cherilynn,McLafferty,cmclafferty3u@lulu.com,Female,246.67.144.83
140,Erich,McGriele,emcgriele3v@yahoo.co.jp,Male,194.33.99.204
141,Montgomery,Kinsley,mkinsley3w@adobe.com,Male,3.156.231.164
142,Ebonee,Presnell,epresnell3x@parallels.com,Female,195.231.83.99
143,Terese,Veljes,tveljes3y@indiatimes.com,Female,19.77.94.18
144,Erich,Neilly,eneilly3z@csmonitor.com,Male,24.161.50.156
145,Tirrell,Westwell,twestwell40@indiatimes.com,Male,99.183.87.160
146,Felic,Cultcheth,fcultcheth41@answers.com,Male,121.28.35.130
147,Eleen,O'Currane,eocurrane42@51.la,Female,184.89.229.24
148,Morganica,Yakunchikov,myakunchikov43@tamu.edu,Female,130.116.243.213
149,Gwen,Thys,gthys44@google.es,Female,146.197.146.84
150,Herta,Osmar,hosmar45@bravesites.com,Polygender,4.193.48.88
151,Eleen,Valentin,evalentin46@hibu.com,Female,26.252.6.6
152,Liva,Pennoni,lpennoni47@nyu.edu,Female,60.164.147.224
153,Roselin,Lenz,rlenz48@bbc.co.uk,Female,172.158.147.105
154,Shirl,Freeburn,sfreeburn49@vk.com,Female,95.93.25.238
155,Kit,Crosdill,kcrosdill4a@cbc.ca,Male,156.10.178.6
156,Goldia,Calbert,gcalbert4b@macromedia.com,Female,23.33.237.234
157,Susanna,Tumioto,stumioto4c@house.gov,Female,55.193.91.151
158,Dudley,Spellacey,dspellacey4d@go.com,Genderqueer,69.186.127.141
159,Adham,Garden,agarden4e@prweb.com,Genderfluid,53.175.159.183
160,Jedd,Hurlestone,jhurlestone4f@networkadvertising.org,Male,220.203.248.222
161,Onida,Lightbody,olightbody4g@w3.org,Female,155.183.70.102
162,Farrell,Dimblebee,fdimblebee4h@craigslist.org,Male,237.3.79.94
163,Bobby,Mugridge,bmugridge4i@netscape.com,Male,223.225.181.194
164,Briana,Joyce,bjoyce4j@ucsd.edu,Female,67.237.80.13
165,Carson,Handyside,chandyside4k@ca.gov,Male,142.63.184.133
166,Enoch,Lowden,elowden4l@dot.gov,Male,233.218.147.97
167,Ellen,Warham,ewarham4m@archive.org,Female,20.63.66.31
168,Carey,Stede,cstede4n@webmd.com,Female,27.174.92.215
169,Angie,Massel,amassel4o@macromedia.com,Female,170.15.218.145
170,Magda,Grinter,mgrinter4p@newyorker.com,Female,185.233.41.35
171,Rolph,Jasik,rjasik4q@webeden.co.uk,Male,167.142.175.133
172,Jodee,Puckham,jpuckham4r@slashdot.org,Female,180.70.23.82
173,Ebenezer,Ballister,eballister4s@skype.com,Male,144.46.154.113
174,Harlan,Westlake,hwestlake4t@soup.io,Male,223.26.142.49
175,Vivianna,Ricoald,vricoald4u@plala.or.jp,Female,121.111.94.66
176,Sibyl,Alison,salison4v@vistaprint.com,Male,71.129.150.4
177,Erasmus,Reoch,ereoch4w@cloudflare.com,Male,201.77.215.188
178,Ferris,Rump,frump4x@bravesites.com,Male,52.109.191.114
179,Quincy,Dorian,qdorian4y@time.com,Genderqueer,252.172.64.68
180,Dyann,Goning,dgoning4z@e-recht24.de,Female,103.64.137.144
181,Pebrook,Muggleton,pmuggleton50@google.co.jp,Male,85.138.128.244
182,Ruperto,Aitkin,raitkin51@webeden.co.uk,Male,239.197.115.109
183,Coralie,McNeil,cmcneil52@mashable.com,Female,167.34.39.239
184,Mohandas,Tickner,mtickner53@apache.org,Male,248.167.123.132
185,Alva,Dressel,adressel54@icio.us,Polygender,105.103.62.52
186,Lynette,Kilbourn,lkilbourn55@paypal.com,Female,64.177.23.67
187,Conan,Standbridge,cstandbridge56@fotki.com,Male,174.138.106.194
188,Nev,Filippo,nfilippo57@nhs.uk,Male,246.28.228.80
189,Somerset,Aggis,saggis58@berkeley.edu,Male,250.218.147.240
190,Alison,Pemble,apemble59@imdb.com,Female,86.209.133.171
191,Tani,Colqueran,tcolqueran5a@weibo.com,Female,149.51.175.232
192,Lusa,Huckell,lhuckell5b@microsoft.com,Female,102.26.95.10
193,Emiline,Hotson,ehotson5c@tinyurl.com,Female,216.105.59.233
194,Saunders,Widdowson,swiddowson5d@thetimes.co.uk,Male,82.206.241.87
195,Rheba,Croose,rcroose5e@linkedin.com,Female,78.248.194.90
196,Blanche,Lewnden,blewnden5f@google.de,Female,133.38.74.159
197,Dionis,Eckley,deckley5g@t-online.de,Genderfluid,59.113.252.2
198,Yale,Jerke,yjerke5h@tripod.com,Male,246.64.199.213
199,Charline,Birdfield,cbirdfield5i@boston.com,Female,194.59.245.8
200,Kitti,Scardifield,kscardifield5j@ft.com,Female,137.240.165.177
201,Goldie,Afield,gafield5k@fastcompany.com,Female,240.132.22.131
202,Galen,Takkos,gtakkos5l@mac.com,Bigender,3.136.141.126
203,Yuma,Denisovo,ydenisovo5m@pen.io,Male,9.101.185.129
204,Aluin,Pasmore,apasmore5n@newyorker.com,Polygender,181.155.149.101
205,Susannah,Gladhill,sgladhill5o@blogtalkradio.com,Female,146.173.65.238
206,Carmita,Twomey,ctwomey5p@uiuc.edu,Female,61.111.255.171
207,Orlan,Stiant,ostiant5q@walmart.com,Male,162.187.176.205
208,Sybyl,Himpson,shimpson5r@twitter.com,Female,110.189.175.120
209,Myrlene,Thurley,mthurley5s@flickr.com,Female,236.157.229.229
210,Anton,Idale,aidale5t@alibaba.com,Male,76.5.226.229
211,Melosa,Palke,mpalke5u@pinterest.com,Female,49.15.122.236
212,Gloria,Rycroft,grycroft5v@ucoz.com,Female,28.96.101.129
213,Petronille,Scown,pscown5w@delicious.com,Female,161.95.11.224
214,Hilton,Munns,hmunns5x@bravesites.com,Polygender,241.88.234.107
215,Modestia,Trowbridge,mtrowbridge5y@smugmug.com,Female,252.32.248.77
216,Portie,Kiessel,pkiessel5z@ox.ac.uk,Male,238.216.247.197
217,Fredra,Jeger,fjeger60@github.io,Polygender,83.172.50.232
218,Dasie,Leynham,dleynham61@rambler.ru,Female,100.160.234.87
219,Marji,Grassot,mgrassot62@ed.gov,Female,255.127.178.125
220,Augustine,Brinklow,abrinklow63@livejournal.com,Female,141.190.53.30
221,Almira,Wooton,awooton64@nifty.com,Female,160.118.146.85
222,Howie,Weblin,hweblin65@sciencedaily.com,Male,10.2.224.236
223,Cherey,Maskell,cmaskell66@dell.com,Female,165.79.13.103
224,Vittoria,Gabey,vgabey67@plala.or.jp,Genderqueer,64.131.206.245
225,Grover,Jerrome,gjerrome68@etsy.com,Male,54.167.239.104
226,Liv,Mapham,lmapham69@photobucket.com,Female,159.97.54.139
227,Frederich,Voaden,fvoaden6a@addtoany.com,Male,148.31.226.104
228,Weylin,Esgate,wesgate6b@lycos.com,Male,73.253.90.66
229,Niko,Goodhay,ngoodhay6c@chronoengine.com,Male,122.214.14.73
230,Felicio,Celle,fcelle6d@usatoday.com,Male,233.199.142.210
231,Griffie,Jaume,gjaume6e@state.tx.us,Male,201.168.229.111
232,Chiquita,Dybbe,cdybbe6f@abc.net.au,Female,235.52.48.66
233,Morse,Caghan,mcaghan6g@facebook.com,Male,44.93.79.150
234,Berry,Godard,bgodard6h@smugmug.com,Female,126.73.234.164
235,Dagny,Greenstreet,dgreenstreet6i@last.fm,Male,111.41.1.200
236,Loydie,Dyson,ldyson6j@meetup.com,Male,169.224.119.7
237,Reynard,MacArte,rmacarte6k@businesswire.com,Male,152.209.235.127
238,Ame,Peaple,apeaple6l@cdc.gov,Female,240.55.69.219
239,Barclay,Corking,bcorking6m@walmart.com,Male,145.82.104.87
240,Andrei,Maidens,amaidens6n@dion.ne.jp,Bigender,35.124.141.198
241,Jessi,Bodycote,jbodycote6o@slashdot.org,Female,243.125.196.127
242,Maxie,Arnault,marnault6p@google.co.uk,Male,78.65.154.20
243,Rochella,Lowater,rlowater6q@latimes.com,Female,222.208.105.6
244,Maggi,Sawley,msawley6r@xrea.com,Bigender,242.169.103.222
245,Roxine,Petegre,rpetegre6s@hibu.com,Female,90.125.182.255
246,Neils,Reaveley,nreaveley6t@unesco.org,Male,104.7.11.43
247,Cosette,Scrooby,cscrooby6u@dagondesign.com,Female,3.50.27.164
248,Leisha,Roan,lroan6v@twitter.com,Female,25.146.98.96
249,Wenda,Housley,whousley6w@ow.ly,Female,19.177.115.87
250,Thatch,Guitte,tguitte6x@1und1.de,Male,233.204.228.142
251,Mercie,Heaney,mheaney6y@tinyurl.com,Female,109.218.129.59
252,Leticia,Grunwall,lgrunwall6z@mlb.com,Female,127.176.92.188
253,Claudetta,Vuitton,cvuitton70@wisc.edu,Female,238.163.91.113
254,Riccardo,Burtwistle,rburtwistle71@sourceforge.net,Male,14.192.62.83
255,Zonda,Ledrane,zledrane72@wp.com,Female,208.149.135.14
256,Flossy,Springthorpe,fspringthorpe73@theguardian.com,Female,18.154.30.236
257,Miguel,Testin,mtestin74@reddit.com,Male,87.252.229.181
258,Winnifred,Rebanks,wrebanks75@java.com,Female,42.60.64.52
259,Barthel,Iacovucci,biacovucci76@oakley.com,Male,189.21.146.105
260,Adlai,Pikett,apikett77@tiny.cc,Male,164.35.207.12
261,Gwen,Denidge,gdenidge78@addthis.com,Female,138.95.19.255
262,Giacobo,Wigg,gwigg79@hao123.com,Male,139.153.64.46
263,Frayda,Partridge,fpartridge7a@netlog.com,Female,129.243.38.158
264,Kamillah,McCusker,kmccusker7b@360.cn,Female,195.26.107.241
265,Karleen,Forrestor,kforrestor7c@jalbum.net,Female,192.174.34.159
266,Dinnie,Stace,dstace7d@imdb.com,Female,144.47.147.75
267,Issi,Conws,iconws7e@purevolume.com,Female,227.214.204.105
268,Ashley,Nunson,anunson7f@livejournal.com,Genderfluid,63.16.223.197
269,Seamus,Gravells,sgravells7g@japanpost.jp,Male,174.114.197.91
270,Berke,Andryushchenko,bandryushchenko7h@redcross.org,Male,97.51.47.211
271,Kailey,Amey,kamey7i@icq.com,Female,86.212.123.87
272,Read,Zanicchi,rzanicchi7j@pagesperso-orange.fr,Male,69.241.190.148
273,Court,Catling,ccatling7k@guardian.co.uk,Bigender,223.163.151.81
274,Esra,Lisciandro,elisciandro7l@google.com.br,Male,91.217.11.35
275,Ofelia,Guidotti,oguidotti7m@newyorker.com,Female,53.25.203.64
276,Berk,Wiltshaw,bwiltshaw7n@trellian.com,Male,77.237.138.64
277,Jose,Mattacks,jmattacks7o@e-recht24.de,Male,192.238.171.191
278,Mirella,Danis,mdanis7p@diigo.com,Female,125.113.81.64
279,Blithe,Deboy,bdeboy7q@weibo.com,Female,186.177.105.99
280,Laughton,Stacy,lstacy7r@feedburner.com,Male,61.230.43.22
281,Jesus,Goodlip,jgoodlip7s@goodreads.com,Male,17.67.42.250
282,Debor,Palleske,dpalleske7t@who.int,Female,59.100.0.46
283,Arther,Joplin,ajoplin7u@yahoo.com,Male,98.18.167.26
284,Blaine,Swindlehurst,bswindlehurst7v@acquirethisname.com,Non-binary,5.60.81.199
285,Nara,Grimshaw,ngrimshaw7w@wikimedia.org,Female,84.77.38.215
286,Hobard,Peoples,hpeoples7x@squarespace.com,Male,155.177.204.13
287,Enrico,Naisbet,enaisbet7y@dedecms.com,Male,92.173.31.121
288,Bibbye,Petrolli,bpetrolli7z@umich.edu,Female,223.102.34.176
289,Gustavus,Gilmartin,ggilmartin80@apache.org,Male,225.16.6.141
290,Jackqueline,Luckings,jluckings81@bluehost.com,Female,168.145.237.202
291,Gabriello,Hallas,ghallas82@odnoklassniki.ru,Male,61.110.3.93
292,Paddie,Oglesbee,poglesbee83@fema.gov,Male,9.110.72.156
293,Bernadina,Mullen,bmullen84@wikimedia.org,Female,71.217.129.86
294,Tully,Merrigans,tmerrigans85@pbs.org,Male,218.246.79.5
295,Margareta,Wisden,mwisden86@goodreads.com,Female,19.249.129.172
296,Ambrosius,Whifen,awhifen87@qq.com,Male,157.12.96.65
297,Domingo,Patria,dpatria88@sfgate.com,Male,143.64.139.34
298,Netti,Ciccarelli,nciccarelli89@smugmug.com,Female,241.252.64.48
299,Magnum,Harner,mharner8a@soup.io,Male,89.40.146.218
300,Jacquelin,Simakov,jsimakov8b@weather.com,Female,88.209.164.146
301,Zeke,Waterhouse,zwaterhouse8c@ebay.com,Male,112.38.207.90
302,Billye,Sykora,bsykora8d@examiner.com,Female,100.243.198.10
303,Abbey,Statefield,astatefield8e@nih.gov,Male,85.17.22.227
304,Layton,Vickers,lvickers8f@printfriendly.com,Male,220.27.155.176
305,Jackelyn,Unitt,junitt8g@sourceforge.net,Female,178.183.123.228
306,Freda,Skoof,fskoof8h@google.com.hk,Female,51.200.38.35
307,Florry,Kilvington,fkilvington8i@pen.io,Non-binary,26.131.193.255
308,Arleyne,MacRinn,amacrinn8j@sbwire.com,Female,74.146.169.166
309,Heriberto,Stanex,hstanex8k@elpais.com,Male,245.96.189.105
310,Rebbecca,Varden,rvarden8l@rediff.com,Female,26.68.214.122
311,Kari,Arnett,karnett8m@netscape.com,Female,248.236.20.200
312,Theresita,Hacker,thacker8n@1688.com,Female,113.167.3.15
313,Orsola,Coltart,ocoltart8o@uiuc.edu,Female,171.146.68.168
314,Hazlett,Oby,hoby8p@yellowbook.com,Genderqueer,185.7.228.242
315,Louis,Roeby,lroeby8q@deviantart.com,Male,159.55.66.24
316,Kare,Sorey,ksorey8r@wufoo.com,Female,65.165.30.6
317,Nial,Dunsford,ndunsford8s@time.com,Male,197.0.89.238
318,Chlo,Seyffert,cseyffert8t@sogou.com,Female,3.184.227.131
319,Cynde,Charrette,ccharrette8u@ocn.ne.jp,Female,4.106.205.186
320,Doro,Chalcroft,dchalcroft8v@europa.eu,Female,122.66.105.177
321,Wittie,Stileman,wstileman8w@blogspot.com,Male,140.37.149.182
322,Teddy,Rilings,trilings8x@edublogs.org,Male,183.151.102.133
323,Ham,Decourt,hdecourt8y@japanpost.jp,Male,249.57.80.68
324,Vanda,Hassur,vhassur8z@etsy.com,Female,98.91.174.250
325,Hy,Mountain,hmountain90@qq.com,Male,85.193.88.33
326,Dimitri,Foxworthy,dfoxworthy91@sphinn.com,Male,110.245.20.77
327,Oralle,Methley,omethley92@ow.ly,Female,223.160.93.106
328,Loralie,Copland,lcopland93@deviantart.com,Female,249.190.181.16
329,Bastian,Petronis,bpetronis94@booking.com,Male,33.127.193.37
330,Cherry,Klagges,cklagges95@netvibes.com,Genderfluid,171.249.163.253
331,Eddie,Gallen,egallen96@drupal.org,Female,26.153.152.48
332,Madeline,Kubicki,mkubicki97@devhub.com,Female,80.175.242.79
333,Kittie,Ruzek,kruzek98@altervista.org,Female,20.107.114.164
334,Aylmar,Spottswood,aspottswood99@tripod.com,Male,5.125.183.113
335,Moreen,Emmot,memmot9a@symantec.com,Female,224.7.206.87
336,Aldin,Larcier,alarcier9b@sohu.com,Male,120.169.216.152
337,Stafani,Vanyutin,svanyutin9c@topsy.com,Female,107.224.104.130
338,Sioux,Crisell,scrisell9d@meetup.com,Female,11.255.175.90
339,Sidoney,Dewdeny,sdewdeny9e@nyu.edu,Female,193.71.8.174
340,Zahara,Mahaddie,zmahaddie9f@fc2.com,Female,20.187.68.169
341,Ulla,Claasen,uclaasen9g@berkeley.edu,Female,137.130.15.11
342,Maximilianus,Moylan,mmoylan9h@foxnews.com,Male,251.32.147.168
343,Godwin,McRobert,gmcrobert9i@ning.com,Male,240.37.74.239
344,Gertrud,Dresse,gdresse9j@shareasale.com,Female,146.18.180.169
345,Pauly,Legges,plegges9k@geocities.jp,Female,233.11.36.232
346,Bevin,Rassmann,brassmann9l@jalbum.net,Genderqueer,129.17.3.255
347,Ilene,Ciabatteri,iciabatteri9m@altervista.org,Female,165.243.211.55
348,Chloris,Muckeen,cmuckeen9n@tinypic.com,Female,205.217.14.5
349,Wandis,Peasgood,wpeasgood9o@yahoo.co.jp,Female,226.123.206.179
350,Rolfe,Loudwell,rloudwell9p@dmoz.org,Male,236.221.81.106
351,Ralina,Paulley,rpaulley9q@ucoz.com,Female,45.25.18.162
352,Cherey,Doorbar,cdoorbar9r@dailymail.co.uk,Female,104.142.36.207
353,Robby,Stanier,rstanier9s@cam.ac.uk,Female,56.217.241.99
354,Doro,Cristofvao,dcristofvao9t@chron.com,Female,89.115.213.165
355,Isidora,Dot,idot9u@freewebs.com,Female,109.37.204.136
356,Ingelbert,Fowells,ifowells9v@ow.ly,Male,251.192.119.209
357,Jasmina,Densumbe,jdensumbe9w@baidu.com,Female,197.235.120.78
358,Frieda,Grundell,fgrundell9x@usda.gov,Female,233.245.140.227
359,Leslie,Carnaman,lcarnaman9y@odnoklassniki.ru,Female,21.232.134.244
360,Kimble,Edwins,kedwins9z@theatlantic.com,Male,93.243.25.252
361,Yancey,Phebee,yphebeea0@virginia.edu,Male,44.58.149.250
362,Sadella,Dradey,sdradeya1@sitemeter.com,Female,18.125.35.242
363,Brittani,Christall,bchristalla2@ca.gov,Non-binary,189.229.244.200
364,Pamela,Bleddon,pbleddona3@icio.us,Female,92.191.85.219
365,Lissy,Stouther,lstouthera4@yandex.ru,Genderfluid,213.108.165.100
366,Ines,Larcier,ilarciera5@desdev.cn,Female,112.203.207.98
367,Sutherland,Christophers,schristophersa6@bizjournals.com,Male,245.66.113.9
368,Philly,Doctor,pdoctora7@macromedia.com,Female,19.189.242.189
369,Horten,Cabble,hcabblea8@gov.uk,Male,159.206.142.142
370,Iorgo,Francillo,ifrancilloa9@behance.net,Male,206.111.62.127
371,Vonnie,Kalinsky,vkalinskyaa@com.com,Female,148.26.192.217
372,Brion,Durber,bdurberab@t.co,Male,90.161.73.55
373,Kenneth,Griswood,kgriswoodac@wired.com,Male,211.230.97.198
374,Della,Berick,dberickad@cyberchimps.com,Female,83.132.203.242
375,Stephanus,Algate,salgateae@google.pl,Male,173.116.170.160
376,Luce,Pietesch,lpieteschaf@smugmug.com,Male,215.251.227.254
377,Hildy,Marunchak,hmarunchakag@sciencedirect.com,Agender,98.203.195.189
378,Debra,Legister,dlegisterah@altervista.org,Female,155.194.227.16
379,Chaim,Kynder,ckynderai@pen.io,Non-binary,73.9.43.25
380,Goldarina,Chittey,gchitteyaj@usa.gov,Female,61.39.194.73
381,Oran,Udie,oudieak@mayoclinic.com,Male,187.88.86.149
382,Sunny,Casol,scasolal@hp.com,Male,79.9.139.172
383,Marve,Beels,mbeelsam@ucoz.com,Male,58.206.66.231
384,Hannis,Matthessen,hmatthessenan@parallels.com,Female,131.165.52.116
385,Alysa,Vinas,avinasao@patch.com,Female,32.136.56.7
386,Nilson,Harrigan,nharriganap@blog.com,Male,112.208.17.183
387,Clark,Holstein,cholsteinaq@indiatimes.com,Male,5.225.8.21
388,Tome,Paal,tpaalar@purevolume.com,Male,17.204.149.122
389,Marina,Aylin,maylinas@123-reg.co.uk,Female,110.65.72.242
390,Brok,Leman,blemanat@ucoz.com,Male,157.189.102.82
391,Clark,Francillo,cfrancilloau@360.cn,Male,18.2.160.189
392,Connie,Kennon,ckennonav@google.de,Male,224.120.245.144
393,Devland,Verlinde,dverlindeaw@cdc.gov,Male,218.132.53.32
394,Bevan,Linggood,blinggoodax@loc.gov,Male,117.26.160.26
395,Eunice,Dornin,edorninay@smh.com.au,Polygender,82.190.166.212
396,Tybie,Ireson,tiresonaz@ucla.edu,Female,91.89.183.240
397,Winona,Monteath,wmonteathb0@cam.ac.uk,Female,107.190.220.31
398,Dode,Mingauld,dmingauldb1@about.com,Female,238.116.108.242
399,Derwin,Creaven,dcreavenb2@blogs.com,Male,42.40.156.67
400,Raffaello,Bengall,rbengallb3@nydailynews.com,Male,152.97.228.38
401,Hayward,McAlister,hmcalisterb4@vimeo.com,Male,33.11.32.4
402,Cassey,Luckwell,cluckwellb5@netlog.com,Female,219.64.148.48
403,Hollie,Foden,hfodenb6@clickbank.net,Female,152.229.37.62
404,Briggs,Ashley,bashleyb7@spotify.com,Male,70.59.97.30
405,Tamar,Baron,tbaronb8@artisteer.com,Female,172.198.8.30
406,Hildegaard,Esherwood,hesherwoodb9@google.co.jp,Female,22.189.44.3
407,Andreas,Kennagh,akennaghba@opensource.org,Male,143.101.219.146
408,Gottfried,Henriquet,ghenriquetbb@google.com.au,Male,200.99.91.210
409,Braden,Crutchley,bcrutchleybc@redcross.org,Male,120.187.144.39
410,Meara,Dowden,mdowdenbd@moonfruit.com,Female,82.0.148.87
411,Paige,Domenc,pdomencbe@cnet.com,Polygender,158.181.128.195
412,Reese,Facey,rfaceybf@wufoo.com,Male,159.221.58.213
413,Gabbie,Dockree,gdockreebg@surveymonkey.com,Female,75.250.119.15
414,Carrissa,Bruckenthal,cbruckenthalbh@myspace.com,Female,107.150.75.152
415,Doll,Kollatsch,dkollatschbi@guardian.co.uk,Female,222.149.71.170
416,Ozzie,Duer,oduerbj@alibaba.com,Male,46.214.228.152
417,Bail,Sarch,bsarchbk@csmonitor.com,Male,209.3.112.21
418,Lionel,Hollyland,lhollylandbl@slashdot.org,Male,138.11.201.34
419,Dar,Sibbering,dsibberingbm@tinypic.com,Male,182.2.216.61
420,Ulises,Ragdale,uragdalebn@skyrock.com,Male,188.216.23.255
421,Ken,Shrimptone,kshrimptonebo@hc360.com,Male,123.187.158.131
422,Jaimie,Durrington,jdurringtonbp@gravatar.com,Male,185.111.92.216
423,Oby,Hunston,ohunstonbq@globo.com,Male,104.195.196.161
424,Donall,Longmire,dlongmirebr@google.co.uk,Male,44.223.222.74
425,Bud,Rackam,brackambs@naver.com,Male,144.19.3.68
426,Izak,Knott,iknottbt@webmd.com,Male,69.9.35.6
427,Jeri,Murrish,jmurrishbu@ocn.ne.jp,Female,79.220.177.137
428,Kamila,Grumble,kgrumblebv@google.com.au,Female,113.12.118.41
429,Evangelina,Coudray,ecoudraybw@discuz.net,Female,247.157.52.55
430,Brody,Benedettini,bbenedettinibx@phpbb.com,Male,102.208.201.156
431,Perle,Ewenson,pewensonby@abc.net.au,Female,137.210.85.120
432,Shir,Biles,sbilesbz@kickstarter.com,Female,40.246.109.212
433,Delmar,Pudsall,dpudsallc0@jugem.jp,Male,31.175.221.123
434,Billi,Connow,bconnowc1@ezinearticles.com,Female,69.168.88.111
435,Red,Gabriel,rgabrielc2@whitehouse.gov,Male,44.168.108.193
436,Collen,Mariyushkin,cmariyushkinc3@yelp.com,Bigender,116.180.115.179
437,Veronika,Goodale,vgoodalec4@bbc.co.uk,Female,39.75.60.9
438,Rafaela,Henstridge,rhenstridgec5@delicious.com,Female,57.0.197.12
439,Bram,Bradlaugh,bbradlaughc6@nytimes.com,Male,119.169.0.73
440,Sibella,Chilcott,schilcottc7@hp.com,Female,101.219.196.216
441,Boniface,Jeffcoat,bjeffcoatc8@mozilla.com,Male,68.153.169.222
442,Jeromy,Fleischer,jfleischerc9@godaddy.com,Male,175.161.73.253
443,Rebe,Duplan,rduplanca@miitbeian.gov.cn,Female,62.144.165.227
444,Marje,Brundall,mbrundallcb@hhs.gov,Female,119.66.211.144
445,Monty,Dalligan,mdalligancc@constantcontact.com,Male,48.50.81.97
446,Rickey,Pauluzzi,rpauluzzicd@tinypic.com,Male,204.209.6.182
447,Beverley,Shrimplin,bshrimplince@sina.com.cn,Polygender,253.159.83.70
448,Leonerd,Andrat,landratcf@trellian.com,Male,219.24.243.33
449,Georgie,Hickisson,ghickissoncg@gravatar.com,Female,161.112.139.31
450,Jonah,Lehemann,jlehemannch@auda.org.au,Male,97.244.198.80
451,Roderic,Dionisio,rdionisioci@twitpic.com,Male,39.164.72.82
452,Dewain,Paye,dpayecj@nymag.com,Male,120.175.52.197
453,Burr,Gouthier,bgouthierck@dion.ne.jp,Polygender,39.150.31.154
454,Frannie,Brand,fbrandcl@si.edu,Female,173.52.155.63
455,Aurore,Kilduff,akilduffcm@mayoclinic.com,Genderfluid,218.145.210.248
456,Theressa,Petett,tpetettcn@php.net,Female,40.114.127.80
457,Amory,Razoux,arazouxco@marketwatch.com,Male,7.194.153.181
458,Warden,McCurlye,wmccurlyecp@myspace.com,Male,207.18.29.246
459,Pasquale,Giannassi,pgiannassicq@washingtonpost.com,Male,237.96.200.51
460,Adelaide,McNickle,amcnicklecr@cmu.edu,Female,156.72.115.173
461,Caterina,Blackaby,cblackabycs@xinhuanet.com,Female,221.189.242.112
462,Thedrick,Fruish,tfruishct@dedecms.com,Male,159.146.89.224
463,Redd,Swyer-Sexey,rswyersexeycu@people.com.cn,Male,222.179.92.29
464,Serene,Storrar,sstorrarcv@surveymonkey.com,Female,18.113.15.50
465,Claudette,Frissell,cfrissellcw@disqus.com,Female,85.222.20.101
466,Rabi,Bolingbroke,rbolingbrokecx@wsj.com,Male,37.94.3.127
467,Wildon,Allom,wallomcy@google.de,Male,91.127.37.68
468,Carey,Doeg,cdoegcz@ameblo.jp,Female,198.128.170.192
469,Bard,Sedgebeer,bsedgebeerd0@fda.gov,Male,1.127.178.78
470,Vikky,Messom,vmessomd1@auda.org.au,Agender,185.248.11.17
471,Clevey,Jocic,cjocicd2@ustream.tv,Male,175.227.165.224
472,Cortie,Burnard,cburnardd3@tinypic.com,Genderqueer,125.226.128.128
473,Farica,Golby,fgolbyd4@goo.gl,Polygender,157.109.183.174
474,Sandro,Samter,ssamterd5@technorati.com,Male,78.70.105.60
475,Milo,Raft,mraftd6@techcrunch.com,Male,100.105.159.235
476,Doroteya,O'Suaird,dosuairdd7@discuz.net,Female,1.232.218.241
477,Alard,Moylane,amoylaned8@posterous.com,Male,121.81.235.229
478,Julietta,Organer,jorganerd9@hao123.com,Female,136.30.20.78
479,Diane-marie,Jewel,djewelda@ask.com,Female,191.193.237.163
480,Lorianne,Tingey,ltingeydb@feedburner.com,Agender,253.46.105.232
481,Arch,Gabala,agabaladc@businessinsider.com,Male,10.67.192.175
482,Hyman,Bellenger,hbellengerdd@qq.com,Male,65.240.21.102
483,Pammie,Gibbett,pgibbettde@uol.com.br,Female,72.245.142.177
484,Orlando,Serjent,oserjentdf@army.mil,Male,131.20.23.251
485,Carleen,Punter,cpunterdg@newyorker.com,Female,66.217.27.40
486,Alikee,Lebbern,alebberndh@mapquest.com,Female,19.93.95.255
487,Heinrick,Guierre,hguierredi@hp.com,Male,97.69.174.9
488,Christye,Welberry,cwelberrydj@cam.ac.uk,Female,100.217.144.156
489,Benedicto,Jeves,bjevesdk@mail.ru,Bigender,110.94.218.40
490,Patricio,Hearne,phearnedl@cbslocal.com,Male,48.229.239.103
491,Jemimah,Seefus,jseefusdm@unblog.fr,Female,43.249.6.167
492,Dniren,Luberto,dlubertodn@skype.com,Female,34.103.32.200
493,Rolf,Garaway,rgarawaydo@boston.com,Male,94.76.95.103
494,Gypsy,Churchin,gchurchindp@nba.com,Bigender,103.124.88.3
495,Darby,Daborn,ddaborndq@digg.com,Male,19.224.161.88
496,Finlay,Isbell,fisbelldr@mayoclinic.com,Male,53.111.25.217
497,Silvio,Crebo,screbods@aboutads.info,Male,87.0.207.114
498,Ram,Tongue,rtonguedt@dailymotion.com,Male,152.244.148.86
499,Bellanca,Roscamp,broscampdu@geocities.jp,Female,50.105.124.245
500,Penny,Seater,pseaterdv@vkontakte.ru,Male,35.252.32.187
501,Tasha,Anthona,tanthonadw@hatena.ne.jp,Female,11.212.63.138
502,Lenard,Duff,lduffdx@alibaba.com,Male,104.234.46.129
503,Mead,Daborn,mdaborndy@addthis.com,Male,47.250.86.190
504,Ardath,Ortmann,aortmanndz@gmpg.org,Female,233.150.134.69
505,Odelinda,Berceros,obercerose0@alexa.com,Female,103.62.221.173
506,Mary,Asals,masalse1@constantcontact.com,Female,128.164.23.137
507,Erin,Bridal,ebridale2@alibaba.com,Male,86.178.232.255
508,Giuseppe,McClory,gmcclorye3@hatena.ne.jp,Male,99.180.103.102
509,Marthe,Rampling,mramplinge4@go.com,Female,157.104.212.198
510,Sharron,Dy,sdye5@census.gov,Female,5.243.51.204
511,Terencio,Swindles,tswindlese6@google.co.jp,Male,253.241.185.13
512,Delaney,Doring,ddoringe7@columbia.edu,Male,167.114.159.248
513,Prisca,Gallandre,pgallandree8@taobao.com,Female,210.147.18.181
514,Hershel,Denman,hdenmane9@dailymotion.com,Male,157.164.67.70
515,Tull,Steljes,tsteljesea@phoca.cz,Male,209.84.121.232
516,Dougie,Shearn,dshearneb@netvibes.com,Male,48.85.95.119
517,Kaye,Ivoshin,kivoshinec@bbb.org,Female,164.179.129.168
518,Garland,Leach,gleached@sphinn.com,Female,44.233.115.7
519,Dorine,Bestar,dbestaree@patch.com,Female,203.96.65.193
520,Don,Hexam,dhexamef@bravesites.com,Male,145.190.7.161
521,Raphaela,Crummy,rcrummyeg@drupal.org,Female,131.236.56.7
522,Dante,Dyte,ddyteeh@theguardian.com,Non-binary,98.79.142.179
523,Delmar,Woolen,dwoolenei@mashable.com,Genderfluid,23.6.101.47
524,Larine,Ruller,lrullerej@princeton.edu,Female,226.7.140.102
525,Juliette,Rubinshtein,jrubinshteinek@ucsd.edu,Female,122.179.204.228
526,Gary,Meadmore,gmeadmoreel@blogtalkradio.com,Male,152.176.35.178
527,Erica,McCullough,emcculloughem@nifty.com,Female,201.198.178.86
528,Afton,Bafford,abafforden@yale.edu,Female,195.14.50.94
529,Nonie,Ridett,nridetteo@lycos.com,Agender,227.154.114.246
530,Dorolice,Eakeley,deakeleyep@goodreads.com,Female,7.113.117.212
531,Elianora,Pickavant,epickavanteq@cisco.com,Non-binary,109.24.110.140
532,Enrico,Lurriman,elurrimaner@e-recht24.de,Male,43.49.97.3
533,Shirlene,Dunton,sduntones@blinklist.com,Female,11.52.25.229
534,Rusty,Kershaw,rkershawet@wikimedia.org,Male,212.44.6.103
535,Brien,Kreber,bkrebereu@hugedomains.com,Male,184.90.142.19
536,Britney,Woolnough,bwoolnoughev@taobao.com,Bigender,50.0.45.202
537,Elmore,Eastman,eeastmanew@wiley.com,Male,208.36.62.128
538,Alfy,Heading,aheadingex@google.com.au,Female,35.17.85.72
539,Pierson,Anthes,panthesey@google.cn,Agender,133.200.47.191
540,Elysee,Tuttle,etuttleez@livejournal.com,Female,146.157.227.150
541,Marlo,Sergison,msergisonf0@mashable.com,Female,190.142.248.141
542,Blanch,Eilhart,beilhartf1@slashdot.org,Female,54.48.101.80
543,Henderson,Rosenhaus,hrosenhausf2@umn.edu,Male,129.183.62.98
544,Jade,Barrat,jbarratf3@thetimes.co.uk,Female,97.122.32.228
545,Alicea,Freezor,afreezorf4@paginegialle.it,Female,77.191.190.116
546,Minnnie,Redmond,mredmondf5@sogou.com,Female,173.235.25.57
547,Layton,Folbig,lfolbigf6@linkedin.com,Male,76.158.171.154
548,Cairistiona,McCaughran,cmccaughranf7@ustream.tv,Female,159.8.152.211
549,Tomasine,Grafham,tgrafhamf8@msu.edu,Female,194.36.96.13
550,Isa,Lyddiard,ilyddiardf9@chronoengine.com,Genderfluid,89.9.30.202
551,Meriel,Nobriga,mnobrigafa@weibo.com,Female,10.232.177.117
552,Florinda,Grigoryev,fgrigoryevfb@independent.co.uk,Female,213.10.55.99
553,Bastien,Whittier,bwhittierfc@domainmarket.com,Male,37.241.188.236
554,Artemis,McCutcheon,amccutcheonfd@auda.org.au,Male,35.251.168.233
555,Mitchael,Fairest,mfairestfe@xing.com,Male,58.144.34.209
556,Tabor,Merrigan,tmerriganff@kickstarter.com,Male,160.50.246.221
557,Jerrie,Jobbins,jjobbinsfg@istockphoto.com,Male,219.98.226.40
558,Eddi,Wheelwright,ewheelwrightfh@mediafire.com,Female,179.2.126.51
559,Yorke,MacMakin,ymacmakinfi@qq.com,Polygender,41.184.235.96
560,Baryram,Skerman,bskermanfj@studiopress.com,Male,106.255.228.174
561,Olin,Scargle,oscarglefk@marketwatch.com,Non-binary,233.97.92.29
562,Inessa,Moxon,imoxonfl@bloomberg.com,Female,110.66.223.70
563,Heywood,Haggata,hhaggatafm@ca.gov,Male,77.91.169.145
564,Karin,Backwell,kbackwellfn@imageshack.us,Female,153.38.173.88
565,Jemima,Ivankin,jivankinfo@dailymail.co.uk,Female,240.132.207.168
566,Christin,Berkowitz,cberkowitzfp@comsenz.com,Female,119.44.149.245
567,Gerladina,Grovier,ggrovierfq@wix.com,Female,76.7.20.81
568,Charles,Saltrese,csaltresefr@edublogs.org,Male,179.245.171.145
569,Ford,Chazette,fchazettefs@360.cn,Male,180.157.26.105
570,Heath,Draxford,hdraxfordft@sciencedaily.com,Female,235.117.23.60
571,Mabel,Simonson,msimonsonfu@multiply.com,Female,35.141.252.138
572,Bobby,McFadzean,bmcfadzeanfv@shutterfly.com,Male,24.207.113.19
573,Iris,Ticksall,iticksallfw@noaa.gov,Female,149.133.219.82
574,Lamond,Gofford,lgoffordfx@sfgate.com,Male,239.106.243.89
575,Marthe,Scotter,mscotterfy@cdc.gov,Genderfluid,47.96.40.31
576,Ginni,Symms,gsymmsfz@theatlantic.com,Female,74.181.201.194
577,Alexei,Cast,acastg0@ted.com,Male,163.205.122.169
578,Cammi,Glassopp,cglassoppg1@cocolog-nifty.com,Polygender,158.57.114.145
579,Pet,Swiffen,pswiffeng2@skype.com,Female,82.22.250.116
580,Carleton,Reedman,creedmang3@slashdot.org,Male,37.8.38.140
581,Hailee,Weond,hweondg4@nih.gov,Female,248.19.230.58
582,Orsa,Lafond,olafondg5@gnu.org,Female,53.178.190.68
583,Morly,Stefi,mstefig6@amazon.co.uk,Male,9.211.177.188
584,Ario,Sirrell,asirrellg7@imgur.com,Genderfluid,194.115.24.54
585,Marika,Ferrierio,mferrieriog8@marketwatch.com,Female,160.216.22.15
586,Mervin,Wellum,mwellumg9@mapquest.com,Male,243.202.33.178
587,Merrile,Shardlow,mshardlowga@omniture.com,Female,142.70.167.156
588,Jaymie,Strelitzki,jstrelitzkigb@gnu.org,Male,73.123.247.78
589,Bernadette,Bartolomeo,bbartolomeogc@washingtonpost.com,Female,166.187.37.37
590,Louise,Trenear,ltreneargd@technorati.com,Genderfluid,142.132.144.124
591,Kimberly,Yeoman,kyeomange@scribd.com,Female,236.139.124.147
592,Tarah,Waggitt,twaggittgf@paginegialle.it,Female,215.16.6.181
593,Jeniffer,Lambricht,jlambrichtgg@hugedomains.com,Non-binary,73.159.187.166
594,Hamid,Sabates,hsabatesgh@google.es,Male,104.151.141.250
595,Emile,Feehery,efeeherygi@google.de,Male,120.201.88.227
596,Moss,Bottelstone,mbottelstonegj@sbwire.com,Male,17.170.67.161
597,Lyndsie,Pinchon,lpinchongk@goodreads.com,Female,233.60.37.186
598,Alard,McKeand,amckeandgl@webs.com,Male,218.60.2.67
599,Annora,Franklyn,afranklyngm@ca.gov,Female,134.23.250.190
600,Shanna,Haberfield,shaberfieldgn@google.nl,Female,127.124.236.155
601,Denise,Vegas,dvegasgo@last.fm,Female,90.66.224.206
602,Clarissa,Huegett,chuegettgp@ebay.com,Female,143.154.95.96
603,Cirstoforo,Kleisle,ckleislegq@trellian.com,Male,153.56.182.156
604,Cullan,Woloschin,cwoloschingr@yolasite.com,Male,218.203.76.70
605,Mathew,Cockshott,mcockshottgs@posterous.com,Male,124.189.134.75
606,Arlen,Bonallick,abonallickgt@shutterfly.com,Female,33.132.185.217
607,Shepard,Giacobillo,sgiacobillogu@ameblo.jp,Male,172.109.159.134
608,Cathrin,Chamberlain,cchamberlaingv@a8.net,Polygender,23.213.18.156
609,Cherye,Tidcombe,ctidcombegw@sakura.ne.jp,Female,172.237.164.241
610,Maudie,Mansell,mmansellgx@wired.com,Female,38.34.42.150
611,Simonne,Ruslinge,sruslingegy@a8.net,Female,155.199.43.134
612,Thomasa,Stanbridge,tstanbridgegz@bandcamp.com,Female,8.229.39.40
613,Kean,Guerre,kguerreh0@zdnet.com,Male,73.112.227.109
614,Omar,Hasell,ohasellh1@example.com,Male,181.200.238.131
615,Perceval,Pawden,ppawdenh2@forbes.com,Male,255.184.34.184
616,Serene,Andrichak,sandrichakh3@godaddy.com,Female,29.66.163.124
617,Kittie,Gendrich,kgendrichh4@lycos.com,Genderfluid,229.35.131.77
618,Lock,Murrell,lmurrellh5@cbc.ca,Male,33.92.29.60
619,Cass,Kauffman,ckauffmanh6@ucoz.ru,Male,165.243.126.202
620,Lolita,De Wolfe,ldewolfeh7@npr.org,Female,95.140.233.97
621,Fifine,Basford,fbasfordh8@freewebs.com,Female,48.124.52.167
622,Laurena,Heinssen,lheinssenh9@elegantthemes.com,Female,75.26.244.63
623,Giustino,Bridle,gbridleha@pagesperso-orange.fr,Male,133.49.122.135
624,Hakim,Mancell,hmancellhb@irs.gov,Male,98.19.226.178
625,Winona,Ragles,wragleshc@ca.gov,Female,83.18.134.185
626,Donetta,Farnaby,dfarnabyhd@squarespace.com,Genderqueer,36.25.134.103
627,Samantha,Crellin,screllinhe@addtoany.com,Female,23.249.65.1
628,Myrta,Boncore,mboncorehf@theatlantic.com,Female,31.167.156.252
629,Cletis,McNicol,cmcnicolhg@homestead.com,Male,136.149.13.38
630,Meredith,Van Salzberger,mvansalzbergerhh@ucsd.edu,Male,250.110.161.30
631,Brietta,Corneljes,bcorneljeshi@msn.com,Female,242.110.76.232
632,Stormy,Loughead,slougheadhj@howstuffworks.com,Female,207.120.198.79
633,Lilas,Gallie,lgalliehk@bing.com,Genderqueer,50.17.74.209
634,Cullen,Tureville,cturevillehl@unblog.fr,Male,176.100.170.58
635,Gabbi,Klesel,gkleselhm@irs.gov,Female,148.132.45.127
636,Judah,Andrzejewski,jandrzejewskihn@webnode.com,Male,47.24.249.167
637,Bret,Rowter,browterho@chicagotribune.com,Male,102.23.174.47
638,Bendite,Almon,balmonhp@mediafire.com,Female,172.149.3.49
639,Sarita,Juszczak,sjuszczakhq@bloomberg.com,Polygender,72.209.228.86
640,Arnie,Largen,alargenhr@amazon.co.uk,Male,105.108.41.251
641,Caresa,Keely,ckeelyhs@go.com,Female,174.133.156.114
642,Kahlil,Ruprich,kruprichht@barnesandnoble.com,Agender,85.90.145.96
643,Corly,Miners,cminershu@over-blog.com,Female,122.157.150.3
644,Gris,Carlozzi,gcarlozzihv@skype.com,Male,106.186.132.10
645,Arron,Masserel,amasserelhw@moonfruit.com,Male,191.27.118.160
646,Zahara,Corbie,zcorbiehx@theglobeandmail.com,Female,116.137.245.11
647,Cirilo,Moyse,cmoysehy@addthis.com,Male,252.214.93.206
648,Caroline,Wyman,cwymanhz@miibeian.gov.cn,Female,65.100.91.202
649,Zondra,Louiset,zlouiseti0@odnoklassniki.ru,Female,32.103.181.26
650,Poul,McTavish,pmctavishi1@chicagotribune.com,Male,158.118.194.68
651,Modesty,Griffin,mgriffini2@yellowpages.com,Female,218.217.213.129
652,Marv,Bruckental,mbruckentali3@imgur.com,Male,166.251.88.123
653,Herman,Goodbarne,hgoodbarnei4@devhub.com,Male,220.217.106.64
654,Tadd,Ronchi,tronchii5@blogger.com,Male,209.230.4.127
655,Portia,Gaffon,pgaffoni6@mit.edu,Female,218.26.103.25
656,Sterne,Lysaght,slysaghti7@mediafire.com,Male,143.229.130.113
657,Giselle,Brimson,gbrimsoni8@mozilla.com,Female,123.50.68.178
658,Arnaldo,Pargent,apargenti9@google.it,Male,142.159.162.62
659,Harlan,Ronaghan,hronaghania@salon.com,Male,198.76.202.14
660,Mitch,Parsley,mparsleyib@nydailynews.com,Genderqueer,41.80.120.171
661,Aurie,Edwin,aedwinic@weibo.com,Female,34.116.245.47
662,Hilda,Holywell,hholywellid@mit.edu,Female,52.118.242.160
663,Clovis,Wasmer,cwasmerie@eepurl.com,Female,103.202.151.196
664,Mirabella,Pudsall,mpudsallif@pagesperso-orange.fr,Female,151.133.115.233
665,Gradey,Feathers,gfeathersig@barnesandnoble.com,Male,222.230.141.1
666,Arabel,Bamling,abamlingih@addthis.com,Female,180.207.141.36
667,Blair,Ephson,bephsonii@blinklist.com,Male,107.247.250.16
668,Urbano,Tingey,utingeyij@ft.com,Male,10.147.58.31
669,Adlai,Stear,astearik@plala.or.jp,Male,177.96.15.207
670,Holden,Bownes,hbownesil@google.pl,Male,177.93.247.239
671,Klement,Ranscombe,kranscombeim@nature.com,Genderfluid,202.151.202.208
672,Tomlin,Withers,twithersin@ed.gov,Non-binary,154.235.181.104
673,Mano,Jermy,mjermyio@spiegel.de,Male,27.61.215.115
674,Benjie,Lampert,blampertip@uiuc.edu,Male,78.233.18.192
675,Dorette,McHugh,dmchughiq@cbc.ca,Female,247.54.169.143
676,Everard,Valentetti,evalentettiir@furl.net,Male,165.1.244.111
677,Florida,Marnes,fmarnesis@usgs.gov,Female,172.214.52.101
678,Galen,Spellacey,gspellaceyit@oracle.com,Male,132.7.35.54
679,Gav,Udale,gudaleiu@wikia.com,Male,189.176.53.198
680,Odilia,Nell,onelliv@about.com,Female,161.190.75.142
681,Tammara,Titterrell,ttitterrelliw@pen.io,Female,38.27.116.96
682,Fernando,Theurer,ftheurerix@technorati.com,Male,98.94.40.219
683,Dionysus,Wandrich,dwandrichiy@posterous.com,Male,77.91.70.217
684,Nessa,Spreadbury,nspreadburyiz@bbc.co.uk,Female,51.93.62.129
685,Hilario,Wilks,hwilksj0@cornell.edu,Male,1.221.56.99
686,Welby,Minillo,wminilloj1@ca.gov,Male,188.55.121.114
687,Adolph,McMurthy,amcmurthyj2@last.fm,Male,174.165.206.2
688,Burr,Pues,bpuesj3@vimeo.com,Male,206.89.68.165
689,Bryna,Garrattley,bgarrattleyj4@ycombinator.com,Female,186.179.186.232
690,Sheilah,Rowling,srowlingj5@live.com,Female,160.166.175.119
691,Hugo,Boynton,hboyntonj6@hc360.com,Male,75.201.65.165
692,Robby,Grayshan,rgrayshanj7@cocolog-nifty.com,Female,120.111.83.219
693,Matthaeus,Sandilands,msandilandsj8@spiegel.de,Male,160.182.83.87
694,Starlene,Morford,smorfordj9@vimeo.com,Female,135.13.137.176
695,Nikki,Colleck,ncolleckja@mozilla.com,Male,54.239.162.88
696,Twyla,Biermatowicz,tbiermatowiczjb@dedecms.com,Female,170.72.174.85
697,Cariotta,Geddis,cgeddisjc@nationalgeographic.com,Female,211.193.15.229
698,Antone,MacKonochie,amackonochiejd@symantec.com,Male,141.207.184.138
699,Inger,Newdick,inewdickje@washingtonpost.com,Male,202.69.71.102
700,Sheila,Oliffe,soliffejf@yellowpages.com,Female,4.70.133.45
701,Kristoffer,Hovy,khovyjg@slideshare.net,Male,116.235.115.99
702,Alon,Artinstall,aartinstalljh@fda.gov,Male,179.142.163.228
703,Kristopher,McNae,kmcnaeji@bloglovin.com,Male,138.35.210.17
704,Haskel,Elton,heltonjj@epa.gov,Male,69.4.145.189
705,Ciel,Tomankiewicz,ctomankiewiczjk@taobao.com,Genderfluid,56.34.171.22
706,Alis,Ganiclef,aganiclefjl@accuweather.com,Female,121.68.207.68
707,Conant,Demer,cdemerjm@census.gov,Male,119.87.224.121
708,Aila,Swannick,aswannickjn@slideshare.net,Female,233.108.104.31
709,Kameko,Matlock,kmatlockjo@umn.edu,Female,6.202.2.23
710,Eran,Taffarello,etaffarellojp@free.fr,Female,76.112.232.118
711,Park,Luby,plubyjq@fema.gov,Male,72.166.20.115
712,Cecil,Coulthurst,ccoulthurstjr@webeden.co.uk,Male,29.140.75.54
713,Lonny,Spitell,lspitelljs@deliciousdays.com,Male,176.229.238.112
714,Lucie,Birdall,lbirdalljt@clickbank.net,Female,137.183.221.165
715,Bianca,Feavearyear,bfeavearyearju@shutterfly.com,Female,115.105.162.29
716,Zola,Gimblet,zgimbletjv@php.net,Female,204.70.188.100
717,Fairfax,Buzine,fbuzinejw@java.com,Male,65.137.145.56
718,Donnamarie,Syncke,dsynckejx@eventbrite.com,Female,234.12.144.205
719,Garrard,Elfes,gelfesjy@yolasite.com,Male,67.113.1.57
720,Hersch,Handford,hhandfordjz@weebly.com,Male,217.216.90.29
721,Ethel,Tenney,etenneyk0@wikispaces.com,Female,215.116.201.248
722,Rollin,Spencelayh,rspencelayhk1@liveinternet.ru,Male,211.178.39.4
723,Tedie,Jerdon,tjerdonk2@gravatar.com,Male,101.254.205.16
724,Fraser,Popping,fpoppingk3@techcrunch.com,Male,16.191.154.255
725,Audra,Leehane,aleehanek4@youtube.com,Female,209.154.94.254
726,Fremont,Coppins,fcoppinsk5@hibu.com,Male,72.85.13.15
727,Lynelle,Entwistle,lentwistlek6@ucsd.edu,Female,248.13.38.233
728,Norris,Algie,nalgiek7@microsoft.com,Male,253.210.220.132
729,Andre,Gregori,agregorik8@ucoz.com,Male,56.50.4.46
730,Sigmund,Flockhart,sflockhartk9@behance.net,Male,232.228.147.100
731,Boonie,Statham,bstathamka@ox.ac.uk,Male,146.24.11.200
732,Thayne,Katt,tkattkb@over-blog.com,Male,132.53.235.191
733,Juli,O'Grady,jogradykc@google.es,Female,82.133.166.172
734,Filmore,Skyrme,fskyrmekd@dagondesign.com,Male,195.58.132.165
735,Clementine,Ginnelly,cginnellyke@ehow.com,Female,68.209.1.99
736,Melosa,Phillp,mphillpkf@nba.com,Genderqueer,160.108.166.77
737,Gabbi,Pletts,gplettskg@usgs.gov,Female,189.57.177.31
738,Terence,Yurkevich,tyurkevichkh@51.la,Male,52.103.3.80
739,Brenn,Trace,btraceki@foxnews.com,Female,19.24.172.213
740,Leland,Redihough,lredihoughkj@utexas.edu,Female,101.206.97.218
741,Farrell,Spur,fspurkk@google.com.hk,Male,169.96.124.192
742,Patience,Fishe,pfishekl@addtoany.com,Female,130.80.94.211
743,Kerrill,Mc Trusty,kmctrustykm@meetup.com,Female,232.170.175.139
744,Symon,Walker,swalkerkn@twitpic.com,Male,220.79.218.54
745,Slade,Sommerscales,ssommerscalesko@seesaa.net,Male,116.162.176.125
746,Broddie,McRinn,bmcrinnkp@soundcloud.com,Male,93.237.218.44
747,Isidro,McGeown,imcgeownkq@parallels.com,Male,89.59.46.166
748,Penni,Edwards,pedwardskr@who.int,Female,218.160.203.41
749,Bendicty,Airds,bairdsks@tuttocitta.it,Male,172.120.6.241
750,Wilfred,Sweetlove,wsweetlovekt@woothemes.com,Male,64.169.67.204
751,Mercie,Einchcombe,meinchcombeku@acquirethisname.com,Female,40.147.197.96
752,Joya,Pashen,jpashenkv@google.nl,Female,66.229.85.86
753,Ingrid,Wignall,iwignallkw@nifty.com,Female,249.88.2.12
754,Curry,Strudwick,cstrudwickkx@webeden.co.uk,Male,42.37.246.53
755,Andre,Lanchester,alanchesterky@reverbnation.com,Male,2.42.243.36
756,Darby,Joscelyn,djoscelynkz@wunderground.com,Male,22.226.225.27
757,Greg,Loggie,gloggiel0@usda.gov,Male,31.186.143.151
758,Forster,Aicheson,faichesonl1@ted.com,Non-binary,53.9.204.204
759,Ulla,Kelling,ukellingl2@posterous.com,Female,250.118.156.193
760,Kearney,Gloy,kgloyl3@boston.com,Male,12.83.31.251
761,Shem,Elph,selphl4@is.gd,Male,57.26.214.228
762,Herby,Moggle,hmogglel5@blogger.com,Male,149.192.48.23
763,Derwin,Filipyev,dfilipyevl6@themeforest.net,Male,231.150.213.236
764,Elvis,Yerborn,eyerbornl7@ox.ac.uk,Male,90.66.159.229
765,Romain,Tomblett,rtomblettl8@reverbnation.com,Genderfluid,40.8.67.105
766,Courtney,McGaugie,cmcgaugiel9@netscape.com,Female,122.110.72.130
767,Emmalynn,De la Yglesia,edelayglesiala@wp.com,Female,179.193.144.125
768,Gustaf,Giannoni,ggiannonilb@utexas.edu,Male,46.161.135.235
769,Claudianus,Cordner,ccordnerlc@netlog.com,Male,247.131.35.112
770,Danya,Bartel,dbartelld@msu.edu,Male,64.13.223.138
771,Hersh,Cawthorn,hcawthornle@jigsy.com,Male,75.116.173.59
772,Roselia,Antonutti,rantonuttilf@storify.com,Female,69.47.21.255
773,Darin,Ramel,dramellg@360.cn,Male,229.45.135.240
774,Bennie,Pirot,bpirotlh@abc.net.au,Non-binary,36.59.64.241
775,Darrelle,Duce,dduceli@usgs.gov,Female,62.28.18.227
776,Cristiano,d' Eye,cdeyelj@bloglovin.com,Male,26.225.38.29
777,Davine,Hincham,dhinchamlk@google.it,Female,36.252.7.89
778,Nealon,Ducker,nduckerll@yellowpages.com,Male,81.199.152.30
779,Tammy,Daniely,tdanielylm@paypal.com,Female,179.144.200.46
780,Tymothy,Haighton,thaightonln@shinystat.com,Male,200.183.210.255
781,Benjy,Midden,bmiddenlo@auda.org.au,Male,216.70.94.228
782,Dorolisa,Ben,dbenlp@cornell.edu,Female,64.71.29.22
783,Ketti,Adamo,kadamolq@nymag.com,Female,163.248.154.11
784,Kellby,Woodwing,kwoodwinglr@ftc.gov,Male,56.129.86.172
785,Noreen,Geraud,ngeraudls@thetimes.co.uk,Female,247.214.188.15
786,Chaunce,Plimmer,cplimmerlt@nytimes.com,Polygender,97.132.205.92
787,Katlin,Jenkyn,kjenkynlu@1und1.de,Female,32.134.166.27
788,Edy,De Dantesie,ededantesielv@cnn.com,Female,83.249.239.65
789,Merwin,Isaksson,misakssonlw@latimes.com,Male,255.64.1.19
790,Harris,Leathers,hleatherslx@cisco.com,Male,68.248.242.231
791,Marla,Helis,mhelisly@imgur.com,Female,53.121.232.40
792,Carolyn,Morican,cmoricanlz@reddit.com,Female,227.129.91.99
793,Angele,Anders,aandersm0@mysql.com,Female,150.166.54.7
794,Tedie,Ellicott,tellicottm1@archive.org,Male,46.83.204.35
795,Allyn,Halfhide,ahalfhidem2@ucoz.com,Female,64.240.81.252
796,Tobin,Ortner,tortnerm3@ovh.net,Male,135.88.181.239
797,Neille,Skully,nskullym4@princeton.edu,Female,156.159.7.135
798,Vergil,Caghy,vcaghym5@patch.com,Male,221.90.84.32
799,Amerigo,Schaumaker,aschaumakerm6@tripod.com,Male,118.155.14.169
800,Jerrylee,Kinnerk,jkinnerkm7@hud.gov,Female,195.133.36.59
801,Karoly,Spinke,kspinkem8@jiathis.com,Male,29.194.198.11
802,Hadley,Headland,hheadlandm9@examiner.com,Male,6.116.19.36
803,Georges,Stoneley,gstoneleyma@barnesandnoble.com,Male,211.86.23.241
804,Gayla,Kimbell,gkimbellmb@mysql.com,Female,130.133.87.177
805,Carol,Barfield,cbarfieldmc@disqus.com,Female,134.157.181.30
806,Mavra,Lebrun,mlebrunmd@prweb.com,Female,253.170.177.198
807,Broddie,Fursland,bfurslandme@angelfire.com,Male,50.69.78.68
808,Meade,Tolworthie,mtolworthiemf@flavors.me,Male,181.132.139.21
809,Colan,Klagge,cklaggemg@i2i.jp,Male,35.161.238.55
810,Jodi,Gapper,jgappermh@cnet.com,Female,8.114.50.139
811,North,Vedekhin,nvedekhinmi@stumbleupon.com,Male,227.41.132.14
812,Herculie,Fronzek,hfronzekmj@omniture.com,Male,175.87.154.227
813,Celina,Arpe,carpemk@cnbc.com,Female,130.241.154.103
814,Lindy,Auden,laudenml@engadget.com,Female,111.204.187.116
815,Courtney,Course,ccoursemm@imageshack.us,Genderqueer,27.238.161.26
816,Henrie,Webby,hwebbymn@naver.com,Female,103.55.23.39
817,Cora,Itzhaki,citzhakimo@unblog.fr,Female,175.51.17.255
818,Hastie,Cawdell,hcawdellmp@bbb.org,Male,34.5.170.154
819,Salvador,Schurcke,sschurckemq@gnu.org,Male,120.146.236.23
820,Emilie,Aubin,eaubinmr@google.com.hk,Female,94.20.97.198
821,Kathryn,Mordecai,kmordecaims@usatoday.com,Female,205.36.166.117
822,Rosalind,Phelit,rphelitmt@who.int,Female,112.2.57.150
823,Tore,Playdon,tplaydonmu@blogtalkradio.com,Male,37.99.92.155
824,Nowell,Feuell,nfeuellmv@addthis.com,Male,146.250.78.200
825,Kurtis,Stitle,kstitlemw@nytimes.com,Bigender,216.79.127.229
826,Hetti,Fidge,hfidgemx@google.ca,Female,163.240.233.95
827,Paulie,Tull,ptullmy@weather.com,Female,128.59.163.7
828,Hakim,Shireff,hshireffmz@unc.edu,Male,31.215.46.206
829,Ram,Bonder,rbondern0@ox.ac.uk,Male,27.146.78.10
830,Maxim,Ensor,mensorn1@hatena.ne.jp,Male,199.176.140.142
831,Isaiah,Godain,igodainn2@pen.io,Male,223.87.150.224
832,Jacquette,Sergeaunt,jsergeauntn3@intel.com,Genderfluid,121.250.133.119
833,Annabel,Mersey,amerseyn4@1688.com,Female,223.214.84.84
834,Allyce,Annes,aannesn5@go.com,Female,87.172.102.180
835,Kyrstin,Day,kdayn6@yale.edu,Female,147.142.251.126
836,Aurelie,Hazelhurst,ahazelhurstn7@blogspot.com,Female,169.230.34.9
837,Madel,Flanaghan,mflanaghann8@nhs.uk,Female,234.223.123.148
838,Lory,Gladyer,lgladyern9@so-net.ne.jp,Female,56.29.219.201
839,Cindy,Wooff,cwooffna@homestead.com,Female,56.56.39.180
840,Donaugh,Abramzon,dabramzonnb@smh.com.au,Agender,101.52.12.109
841,Clio,Yankeev,cyankeevnc@paginegialle.it,Female,44.249.99.53
842,Elsbeth,Pottiphar,epottipharnd@deliciousdays.com,Female,133.147.60.238
843,Nicky,Busby,nbusbyne@princeton.edu,Female,131.14.255.126
844,Adams,Biss,abissnf@photobucket.com,Male,218.12.151.91
845,Anallese,Scobbie,ascobbieng@cbsnews.com,Female,109.34.95.132
846,Jeromy,Lambrecht,jlambrechtnh@tumblr.com,Genderqueer,213.44.5.29
847,Marie,Mayers,mmayersni@senate.gov,Female,35.3.209.187
848,Rodge,Bjerkan,rbjerkannj@eepurl.com,Male,240.33.25.154
849,Farr,Fetherston,ffetherstonnk@mit.edu,Male,128.186.76.170
850,Roberto,Franek,rfraneknl@nps.gov,Male,154.25.170.182
851,Fabio,Queenborough,fqueenboroughnm@ft.com,Non-binary,110.108.51.65
852,Jenine,Bernardeau,jbernardeaunn@wikia.com,Female,85.236.38.50
853,Levey,Canto,lcantono@studiopress.com,Male,27.166.77.189
854,Sheffy,Korejs,skorejsnp@seattletimes.com,Male,180.49.139.152
855,Chilton,Searsby,csearsbynq@de.vu,Male,7.0.18.29
856,Fidole,Waterhouse,fwaterhousenr@forbes.com,Genderfluid,172.170.195.70
857,Ricki,Leupoldt,rleupoldtns@comcast.net,Female,215.104.78.45
858,Kacey,Nicklin,knicklinnt@squarespace.com,Female,209.12.204.218
859,Rube,Ollive,rollivenu@rediff.com,Male,70.45.113.229
860,Madella,Dunmore,mdunmorenv@multiply.com,Female,240.251.200.193
861,Winnie,Roddam,wroddamnw@ucoz.ru,Polygender,82.216.160.122
862,Melissa,Grayley,mgrayleynx@networkadvertising.org,Female,175.147.189.249
863,Janna,Kentwell,jkentwellny@aol.com,Female,157.27.232.48
864,Ave,Corstorphine,acorstorphinenz@blinklist.com,Male,109.64.179.43
865,Sheba,Mcwhinney,smcwhinneyo0@cornell.edu,Female,90.150.11.227
866,Consuela,Seston,csestono1@harvard.edu,Female,240.205.127.80
867,Rebeca,Wannell,rwannello2@washingtonpost.com,Female,251.9.243.250
868,Charo,Mannock,cmannocko3@state.tx.us,Female,228.127.20.137
869,Kirk,Valeri,kvalerio4@google.de,Male,222.111.0.170
870,Janet,Trusler,jtruslero5@pbs.org,Female,190.142.126.3
871,Clemence,Fideler,cfidelero6@scientificamerican.com,Female,87.202.235.100
872,Baxie,Nise,bniseo7@ft.com,Male,238.99.153.66
873,Melba,Heugel,mheugelo8@mayoclinic.com,Agender,176.11.175.205
874,Anette,Flatt,aflatto9@noaa.gov,Female,106.10.243.250
875,Lamar,Waddoups,lwaddoupsoa@who.int,Non-binary,112.11.195.141
876,Valida,Branchflower,vbranchflowerob@psu.edu,Female,50.19.156.67
877,Georgie,Jeannel,gjeanneloc@ted.com,Male,180.120.137.3
878,Dar,Turbayne,dturbayneod@tiny.cc,Male,243.115.234.121
879,Merralee,Pickhaver,mpickhaveroe@ihg.com,Female,144.109.77.197
880,Maible,Loudyan,mloudyanof@merriam-webster.com,Female,136.236.132.1
881,Hogan,Cartwright,hcartwrightog@myspace.com,Male,70.254.23.28
882,Heall,Teggart,hteggartoh@friendfeed.com,Male,79.193.235.28
883,Dermot,Welband,dwelbandoi@wsj.com,Male,192.72.42.188
884,Bink,Triswell,btriswelloj@merriam-webster.com,Male,144.58.191.148
885,Barbabra,Huckell,bhuckellok@who.int,Female,137.6.53.242
886,Michelle,Yelden,myeldenol@whitehouse.gov,Genderqueer,73.140.99.255
887,Carolus,Springall,cspringallom@yandex.ru,Male,115.96.34.10
888,Reynard,Wallicker,rwallickeron@gizmodo.com,Male,164.164.226.79
889,Hugo,Bonallick,hbonallickoo@google.co.uk,Male,39.227.1.175
890,Ardelis,Mollindinia,amollindiniaop@webs.com,Female,106.196.232.35
891,Osmond,Geram,ogeramoq@kickstarter.com,Male,178.28.224.78
892,Faulkner,Matveichev,fmatveichevor@bigcartel.com,Male,40.163.146.102
893,Clementius,Mastrantone,cmastrantoneos@tuttocitta.it,Male,224.225.9.253
894,Fionnula,Faber,ffaberot@google.nl,Female,129.65.78.155
895,Tabitha,Fantini,tfantiniou@oracle.com,Female,36.58.127.203
896,Orelee,Harbidge,oharbidgeov@wikia.com,Female,21.57.246.45
897,Hart,Tearney,htearneyow@nba.com,Genderfluid,208.192.70.7
898,Giselle,Winscomb,gwinscombox@wikia.com,Female,197.194.216.34
899,Brittaney,De'Ath,bdeathoy@etsy.com,Female,242.151.207.202
900,Mord,Blakeway,mblakewayoz@epa.gov,Male,177.217.186.142
901,Wye,Radsdale,wradsdalep0@google.fr,Male,25.3.184.85
902,Marjory,De Fraine,mdefrainep1@gmpg.org,Female,220.77.212.167
903,Denna,Tellwright,dtellwrightp2@irs.gov,Female,119.238.111.61
904,Marlena,Willard,mwillardp3@simplemachines.org,Female,137.83.78.182
905,Emalee,Spancock,espancockp4@liveinternet.ru,Female,136.52.208.224
906,Cristina,Grombridge,cgrombridgep5@craigslist.org,Female,100.139.100.197
907,Bryn,Ligerton,bligertonp6@wordpress.com,Male,194.100.184.155
908,Lyndell,Buney,lbuneyp7@netscape.com,Bigender,237.98.221.86
909,Ezri,Vynarde,evynardep8@dropbox.com,Male,38.111.157.242
910,Bruno,Novakovic,bnovakovicp9@jimdo.com,Male,190.27.52.115
911,Beryle,Medlen,bmedlenpa@creativecommons.org,Female,143.183.21.9
912,Carmelle,Maulkin,cmaulkinpb@amazon.co.uk,Bigender,243.236.23.111
913,Lacey,Philipet,lphilipetpc@bizjournals.com,Female,83.147.70.118
914,Alice,Pottage,apottagepd@comsenz.com,Female,7.89.56.5
915,Kippie,Skein,kskeinpe@dyndns.org,Female,209.251.10.147
916,Padraig,Brugh,pbrughpf@indiatimes.com,Male,38.75.151.121
917,Darice,Claussen,dclaussenpg@prweb.com,Female,39.130.28.80
918,Heindrick,Seed,hseedph@ustream.tv,Male,27.72.162.228
919,Etan,Walling,ewallingpi@techcrunch.com,Male,83.23.125.191
920,Baudoin,Windous,bwindouspj@icq.com,Male,15.131.90.191
