id,first_name,last_name,email,gender,ip_address
1,Bartholomeus,Gildersleaves,bgildersleaves0@washington.edu,Male,148.167.90.35
2,Elbertine,Predohl,epredohl1@yellowpages.com,Female,215.92.49.161
3,Ainsley,MacDonough,amacdonough2@storify.com,Female,243.239.40.61
4,Vincents,Huett,vhuett3@homestead.com,Male,30.152.17.150
5,Solomon,Crabb,scrabb4@hatena.ne.jp,Male,166.121.17.193
6,Sig,Margrem,smargrem5@livejournal.com,Male,194.21.196.197
7,Myriam,Sinfield,msinfield6@nifty.com,Genderfluid,12.243.160.64
8,Pris,Shipcott,pshipcott7@blogger.com,Female,28.151.200.36
9,Blaire,Volks,bvolks8@yellowpages.com,Female,135.169.200.225
10,Adele,MacDuff,amacduff9@blogs.com,Female,229.205.75.98
11,Armando,Pretious,apretiousa@businessweek.com,Male,112.152.139.36
12,York,Font,yfontb@woothemes.com,Male,233.136.250.187
13,Godfree,Juniper,gjuniperc@g.co,Polygender,167.3.79.95
14,Madelyn,Pounds,mpoundsd@cocolog-nifty.com,Female,164.159.89.193
15,Penni,Monteith,pmonteithe@prlog.org,Female,232.223.12.138
16,Vlad,Spendley,vspendleyf@apple.com,Male,91.200.56.99
17,Ursa,Lesper,ulesperg@weather.com,Female,219.126.180.79
18,Elsworth,Geistmann,egeistmannh@pen.io,Male,245.4.60.6
19,Kellen,Shackleton,kshackletoni@angelfire.com,Female,22.159.225.79
20,Ikey,Piddington,ipiddingtonj@rambler.ru,Male,143.10.210.154
21,Arlee,Forkan,aforkank@scribd.com,Genderqueer,224.80.148.230
22,Martha,Balser,mbalserl@bbc.co.uk,Female,15.4.134.101
23,Mayor,Siggens,msiggensm@addthis.com,Male,38.255.118.40
24,Eachelle,Renshall,erenshalln@prlog.org,Female,229.165.156.205
25,Phillipe,Farley,pfarleyo@usgs.gov,Male,158.197.126.6
26,Franchot,Mattiato,fmattiatop@sciencedaily.com,Male,142.28.213.187
27,Lonnard,Moxson,lmoxsonq@a8.net,Male,135.242.215.244
28,Hurley,Runge,hrunger@gizmodo.com,Male,175.24.22.227
29,Thaxter,Chetwind,tchetwinds@360.cn,Male,191.112.44.44
30,Enriqueta,Berkeley,eberkeleyt@storify.com,Female,116.24.225.229
31,Yehudi,Belly,ybellyu@admin.ch,Male,236.15.33.32
32,Yolane,O'Dare,yodarev@hibu.com,Female,66.35.176.123
33,Saundra,Stallworthy,sstallworthyw@ustream.tv,Female,132.222.169.165
34,Carol-jean,Carpmile,ccarpmilex@cisco.com,Female,185.30.238.9
35,Curran,Huthart,chutharty@acquirethisname.com,Male,141.199.140.58
36,Ellene,Timmis,etimmisz@mapquest.com,Female,18.144.146.102
37,Van,Leftley,vleftley10@angelfire.com,Female,14.217.41.150
38,Hugo,Turfrey,hturfrey11@gmpg.org,Male,142.144.85.219
39,Pall,Eede,peede12@netscape.com,Male,176.47.175.148
40,Rosmunda,Livesley,rlivesley13@domainmarket.com,Female,235.11.14.4
41,Daryl,Nugent,dnugent14@scribd.com,Female,242.127.247.52
42,Valry,Fairrie,vfairrie15@people.com.cn,Female,128.220.158.91
43,Samantha,Kirckman,skirckman16@godaddy.com,Female,185.195.66.180
44,Ingemar,Ioannou,iioannou17@xinhuanet.com,Male,218.104.114.191
45,Kerwinn,Jerrans,kjerrans18@mozilla.com,Male,47.164.158.71
46,Velma,Gutch,vgutch19@ycombinator.com,Female,36.119.35.84
47,Adena,Basire,abasire1a@yelp.com,Female,177.20.152.82
48,Shanan,Knewstub,sknewstub1b@slate.com,Male,202.111.46.138
49,Kerwinn,Esslement,kesslement1c@reddit.com,Male,100.93.181.159
50,Madlin,Shoulders,mshoulders1d@amazon.co.jp,Female,128.201.222.231
51,Eugen,Moulsdale,emoulsdale1e@e-recht24.de,Male,184.111.12.113
52,Arvie,Foot,afoot1f@squidoo.com,Male,124.231.127.165
53,Alyssa,Gutans,agutans1g@wikia.com,Female,31.134.101.131
54,Ingmar,Hanne,ihanne1h@nydailynews.com,Male,24.81.102.150
55,Melisse,Bleasby,mbleasby1i@nyu.edu,Female,183.191.180.179
56,Jamie,MacInerney,jmacinerney1j@fotki.com,Male,230.85.13.171
57,Bernard,Demageard,bdemageard1k@geocities.com,Male,77.72.206.196
58,Leighton,Pyecroft,lpyecroft1l@nbcnews.com,Male,221.93.71.62
59,Blanch,Courtier,bcourtier1m@spiegel.de,Female,253.53.73.120
60,Reed,Hatchard,rhatchard1n@tinypic.com,Male,246.24.93.162
61,Angus,Rings,arings1o@drupal.org,Male,16.177.41.125
62,Myra,Mourant,mmourant1p@ifeng.com,Female,106.42.66.202
63,Amelie,Tofano,atofano1q@mayoclinic.com,Female,169.250.246.232
64,Lorin,Kryszka,lkryszka1r@hexun.com,Male,202.225.193.145
65,Kimberlee,Duxbarry,kduxbarry1s@trellian.com,Female,166.92.131.58
66,Gerri,Lowson,glowson1t@wunderground.com,Male,146.194.36.193
67,Alexia,Oakwood,aoakwood1u@ucoz.com,Female,74.139.115.82
68,Celine,Crossland,ccrossland1v@booking.com,Bigender,212.187.174.246
69,Nicola,MacIlhagga,nmacilhagga1w@ovh.net,Female,218.189.173.228
70,Kristal,Beed,kbeed1x@soup.io,Female,69.229.140.230
71,Henrik,Heinecke,hheinecke1y@mediafire.com,Male,206.38.126.231
72,Carlin,Alfonsetti,calfonsetti1z@cdbaby.com,Male,138.234.234.206
73,Padraic,Quoit,pquoit20@privacy.gov.au,Male,52.160.5.181
74,Clemmy,Doring,cdoring21@washingtonpost.com,Male,36.198.133.176
75,Emilio,Sinnatt,esinnatt22@yahoo.co.jp,Male,12.85.195.252
76,Jonathan,Mushart,jmushart23@dailymail.co.uk,Male,31.122.196.55
77,Gisella,Arrell,garrell24@adobe.com,Female,239.142.144.78
78,Channa,McCallister,cmccallister25@timesonline.co.uk,Female,57.136.166.85
79,Ewell,Beetlestone,ebeetlestone26@google.ca,Male,192.123.84.216
80,Gratiana,Devanney,gdevanney27@craigslist.org,Genderqueer,144.150.34.205
81,Carlo,Chittim,cchittim28@delicious.com,Male,253.165.99.231
82,Dianna,Gallardo,dgallardo29@vimeo.com,Female,131.64.125.94
83,Mindy,Merioth,mmerioth2a@indiatimes.com,Female,72.135.121.26
84,Lorenzo,Bonanno,lbonanno2b@noaa.gov,Male,217.190.221.45
85,Hildegaard,Bartalini,hbartalini2c@java.com,Female,169.91.129.117
86,Selig,Cousin,scousin2d@instagram.com,Male,105.252.231.39
87,Antoni,Valder,avalder2e@so-net.ne.jp,Male,216.37.213.149
88,Benedicto,Vizor,bvizor2f@time.com,Male,34.244.166.217
89,Perla,Vidler,pvidler2g@cbc.ca,Female,93.108.23.90
90,Beaufort,Stotherfield,bstotherfield2h@purevolume.com,Male,204.162.163.253
91,Shirlee,Gouldthorp,sgouldthorp2i@ca.gov,Female,99.180.30.31
92,Hewet,Yokel,hyokel2j@va.gov,Male,139.243.181.204
93,Wylma,Winchcum,wwinchcum2k@ebay.com,Female,91.135.238.43
94,Laryssa,Careswell,lcareswell2l@utexas.edu,Female,177.193.227.194
95,Blaire,Lethby,blethby2m@tamu.edu,Genderfluid,40.168.208.39
96,Kev,Brockelsby,kbrockelsby2n@narod.ru,Male,50.95.68.76
97,Modesta,Shreenan,mshreenan2o@samsung.com,Female,17.70.250.30
98,Say,Hanbridge,shanbridge2p@youku.com,Male,34.89.200.248
99,Ilysa,Matelaitis,imatelaitis2q@mysql.com,Female,184.240.29.113
100,Antonius,Vaulkhard,avaulkhard2r@skyrock.com,Male,224.98.212.205
101,Magdaia,Downton,mdownton2s@mail.ru,Female,120.248.181.128
102,Kaia,Lamborn,klamborn2t@dell.com,Female,149.81.205.148
103,Romeo,Lightowlers,rlightowlers2u@free.fr,Male,52.93.99.207
104,Shirlee,Latliff,slatliff2v@furl.net,Female,152.14.158.172
105,Joan,Angel,jangel2w@howstuffworks.com,Female,212.16.248.75
106,Tracie,Jacobbe,tjacobbe2x@stumbleupon.com,Male,87.62.84.129
107,Clive,Tanton,ctanton2y@cdc.gov,Male,39.110.174.79
108,Adamo,Tenbrug,atenbrug2z@wisc.edu,Male,222.86.254.194
109,Mavis,Rustadge,mrustadge30@gmpg.org,Female,167.16.92.171
110,Bernardo,Barstow,bbarstow31@illinois.edu,Male,161.36.150.78
111,Paxon,Gladtbach,pgladtbach32@businesswire.com,Male,130.68.26.210
112,Marcellina,Cottage,mcottage33@over-blog.com,Female,226.124.117.176
113,Melony,Scrigmour,mscrigmour34@diigo.com,Female,153.85.90.182
114,Willabella,Tipper,wtipper35@columbia.edu,Female,53.73.226.209
115,Colman,Brugman,cbrugman36@elegantthemes.com,Male,51.63.103.229
116,Idell,Cruickshank,icruickshank37@businessweek.com,Agender,98.206.177.84
117,Leora,Brettel,lbrettel38@canalblog.com,Genderqueer,59.183.128.167
118,Claudelle,Eton,ceton39@wikia.com,Female,234.197.83.203
119,Pia,Baptie,pbaptie3a@yellowbook.com,Female,48.250.218.31
120,Brucie,Mitkcov,bmitkcov3b@usda.gov,Male,93.134.19.169
121,Charmaine,Eyeington,ceyeington3c@cdc.gov,Polygender,3.116.216.125
122,Linnie,Malshinger,lmalshinger3d@europa.eu,Female,10.17.54.140
123,Allyson,Quiney,aquiney3e@abc.net.au,Female,19.228.237.144
124,Lazare,Slator,lslator3f@ovh.net,Male,226.42.194.51
125,Ethelind,Tristram,etristram3g@dailymail.co.uk,Agender,25.55.188.101
126,Kimball,Avo,kavo3h@naver.com,Male,45.117.119.245
127,Farly,Milch,fmilch3i@icq.com,Male,107.28.80.241
128,Goran,Samet,gsamet3j@bravesites.com,Agender,51.123.176.244
129,Roshelle,Fryman,rfryman3k@netscape.com,Female,32.130.246.250
130,Sid,Iorns,siorns3l@harvard.edu,Male,40.144.239.167
131,Elle,Wheelwright,ewheelwright3m@sogou.com,Female,77.86.251.246
132,Shari,Darrell,sdarrell3n@bloomberg.com,Female,144.43.87.40
133,Hazlett,Camings,hcamings3o@bloglines.com,Male,159.157.195.207
134,Jody,MacFarlane,jmacfarlane3p@yellowbook.com,Female,106.228.113.73
135,Samuel,Carabine,scarabine3q@freewebs.com,Male,113.123.132.83
136,Britte,Bullough,bbullough3r@phpbb.com,Female,218.173.150.0
137,Sonnie,Ritchman,sritchman3s@ask.com,Female,4.190.37.165
138,Mikel,Aleshkov,maleshkov3t@networksolutions.com,Male,207.181.95.49
139,Dagny,Reolfi,dreolfi3u@behance.net,Male,184.41.247.175
140,Demetris,Martinek,dmartinek3v@flickr.com,Female,85.182.135.10
141,Felice,Gorce,fgorce3w@blog.com,Male,64.142.76.111
142,Ruddy,Creyke,rcreyke3x@yahoo.com,Male,30.70.149.0
143,Kissee,Oxbury,koxbury3y@dot.gov,Female,253.208.61.152
144,Tobias,Romayn,tromayn3z@dropbox.com,Polygender,172.121.46.14
145,Vally,Haskey,vhaskey40@mapquest.com,Female,88.209.84.66
146,Winnie,Toft,wtoft41@weebly.com,Female,25.60.158.227
147,Maynord,Frith,mfrith42@epa.gov,Male,170.16.203.80
148,Verina,Klaas,vklaas43@loc.gov,Female,205.207.186.50
149,Camellia,Fanner,cfanner44@ehow.com,Non-binary,241.208.101.142
150,Freemon,Thirwell,fthirwell45@google.com.br,Male,165.62.154.3
151,Almeta,Dwire,adwire46@cisco.com,Female,34.151.91.51
152,Urbanus,Trenam,utrenam47@nymag.com,Male,247.126.132.164
153,Allix,Foucar,afoucar48@yandex.ru,Female,63.230.34.216
154,Harv,Karlolak,hkarlolak49@economist.com,Male,216.115.177.131
155,Spence,Petworth,spetworth4a@forbes.com,Genderfluid,189.93.164.51
156,Dalt,Larham,dlarham4b@bigcartel.com,Male,66.107.164.54
157,Eugenia,Shellum,eshellum4c@indiatimes.com,Female,156.172.64.68
158,Lucille,Rodgers,lrodgers4d@oakley.com,Female,143.173.43.207
159,Candice,Gannan,cgannan4e@yolasite.com,Female,232.117.236.115
160,Patience,Dominec,pdominec4f@alexa.com,Female,160.235.240.216
161,Margalit,Sagerson,msagerson4g@cbc.ca,Female,203.86.10.74
162,Kristoforo,de Zamora,kdezamora4h@ezinearticles.com,Male,121.96.74.21
163,Joyce,Pedrozzi,jpedrozzi4i@live.com,Female,214.214.18.39
164,Cati,Haffard,chaffard4j@cisco.com,Female,58.134.196.31
165,Feliks,Asling,fasling4k@usa.gov,Male,141.135.118.119
166,Mic,Billion,mbillion4l@php.net,Male,141.246.4.254
167,Sim,Richmont,srichmont4m@indiatimes.com,Male,87.7.7.224
168,Codie,Coleborn,ccoleborn4n@netscape.com,Female,128.223.140.219
169,Hugo,Innes,hinnes4o@dion.ne.jp,Male,44.78.17.119
170,Carter,Valiant,cvaliant4p@4shared.com,Male,92.52.74.107
171,Suzette,Ort,sort4q@topsy.com,Female,138.212.92.33
172,Celestia,Gyver,cgyver4r@ning.com,Female,126.64.250.230
173,Benn,Aistrop,baistrop4s@amazon.co.jp,Male,18.171.97.98
174,Loralee,Skamell,lskamell4t@hexun.com,Genderqueer,61.63.65.119
175,Wilona,Heiner,wheiner4u@amazon.com,Female,98.100.202.189
176,Leslie,Glenton,lglenton4v@google.ru,Female,142.40.131.220
177,Melvin,McGenn,mmcgenn4w@nature.com,Male,133.169.187.223
178,Gerianna,Norcliffe,gnorcliffe4x@cocolog-nifty.com,Female,107.24.226.212
179,Reinwald,Whittock,rwhittock4y@myspace.com,Male,32.145.139.37
180,Cammi,Raiston,craiston4z@istockphoto.com,Female,99.20.103.216
181,Brenda,Quinby,bquinby50@walmart.com,Female,34.122.76.162
182,Peyter,Wrightim,pwrightim51@boston.com,Male,58.78.55.41
183,Avie,Willcot,awillcot52@symantec.com,Female,137.59.229.26
184,Elbertina,Gaveltone,egaveltone53@opensource.org,Female,142.227.41.25
185,Willi,Manz,wmanz54@apache.org,Bigender,134.179.209.251
186,Tildi,Upex,tupex55@opera.com,Female,175.224.167.29
187,Conny,Grimston,cgrimston56@ow.ly,Female,203.156.228.47
188,Tedman,Grimsdyke,tgrimsdyke57@paypal.com,Male,147.43.247.87
189,Anna,Jedrzej,ajedrzej58@java.com,Female,157.198.56.50
190,Daile,Petofi,dpetofi59@blinklist.com,Female,130.32.22.192
191,Gilburt,Harbisher,gharbisher5a@biglobe.ne.jp,Male,232.64.122.246
192,Caryn,Frisel,cfrisel5b@jimdo.com,Non-binary,101.203.219.46
193,Aubine,Caught,acaught5c@bloglovin.com,Female,204.101.230.150
194,Addy,Gresly,agresly5d@cnbc.com,Male,196.243.110.244
195,Ambrosi,Jeeves,ajeeves5e@over-blog.com,Male,131.157.127.26
196,Odella,Arsmith,oarsmith5f@sfgate.com,Female,61.80.146.126
197,Paula,Balaizot,pbalaizot5g@engadget.com,Female,102.63.71.69
198,Chandler,Tramel,ctramel5h@last.fm,Male,41.178.221.219
199,Gloriana,Fyall,gfyall5i@cmu.edu,Female,146.179.90.182
200,Patrick,Whistlecraft,pwhistlecraft5j@army.mil,Male,137.228.28.27
201,Melita,McCartney,mmccartney5k@sohu.com,Female,84.237.40.18
202,Aubrie,Hegges,ahegges5l@discovery.com,Female,57.35.72.159
203,Miguela,Druhan,mdruhan5m@house.gov,Female,158.71.165.116
204,Daisi,Masterton,dmasterton5n@who.int,Female,22.16.218.165
205,Floyd,Bysshe,fbysshe5o@sciencedirect.com,Male,144.226.158.240
206,Evanne,Kidner,ekidner5p@4shared.com,Polygender,59.70.70.174
207,Charline,Arno,carno5q@netvibes.com,Female,115.138.19.244
208,Leopold,Scarisbrick,lscarisbrick5r@live.com,Male,18.18.150.3
209,Doyle,Geill,dgeill5s@bloglines.com,Male,124.32.211.112
210,Ichabod,Allery,iallery5t@accuweather.com,Male,197.226.194.255
211,Borg,Eddison,beddison5u@netvibes.com,Male,4.175.3.162
212,Horst,Sinnatt,hsinnatt5v@rakuten.co.jp,Male,180.164.99.110
213,Alastair,Langstaff,alangstaff5w@nifty.com,Male,225.159.109.255
214,Morgen,Carragher,mcarragher5x@boston.com,Genderfluid,3.235.102.89
215,Fritz,Beardsell,fbeardsell5y@mysql.com,Male,185.229.141.230
216,Sheffy,Pritty,spritty5z@google.es,Male,176.253.114.140
217,Jilli,Boshard,jboshard60@shinystat.com,Female,50.86.211.240
218,Keenan,Thow,kthow61@phpbb.com,Male,53.80.159.4
219,Marcelline,Bucklee,mbucklee62@soundcloud.com,Female,62.232.208.13
220,Sanson,Parmeter,sparmeter63@amazon.co.uk,Male,212.130.102.170
221,Elvyn,Penylton,epenylton64@smugmug.com,Male,200.155.1.69
222,Tori,Bohl,tbohl65@mediafire.com,Agender,48.78.255.199
223,Bennie,Beiderbeck,bbeiderbeck66@is.gd,Bigender,233.231.156.152
224,Sinclare,Faragher,sfaragher67@mlb.com,Male,214.225.38.119
225,Conny,Beauly,cbeauly68@reddit.com,Agender,190.175.202.193
226,Mattie,Dautry,mdautry69@oaic.gov.au,Female,204.208.82.1
227,Butch,McNess,bmcness6a@wikipedia.org,Male,116.81.136.205
228,Dionis,Pedwell,dpedwell6b@amazon.de,Female,70.147.159.248
229,Jourdain,Serginson,jserginson6c@pen.io,Male,182.5.77.13
230,Andros,Kemitt,akemitt6d@amazon.com,Male,0.100.98.211
231,Daveta,Caldecott,dcaldecott6e@liveinternet.ru,Female,244.253.89.138
232,Orville,Pauly,opauly6f@nba.com,Male,213.230.181.242
233,Edik,Pentecust,epentecust6g@newsvine.com,Male,214.4.191.111
234,Cortie,Giovannacci,cgiovannacci6h@pcworld.com,Male,178.146.92.117
235,Kristopher,Wisher,kwisher6i@google.es,Male,135.6.47.107
236,Neils,Purkins,npurkins6j@mit.edu,Male,24.153.15.58
237,Salomon,Haddrell,shaddrell6k@so-net.ne.jp,Male,247.152.21.255
238,Adi,Girardini,agirardini6l@mit.edu,Female,158.226.188.47
239,Hurlee,Antonowicz,hantonowicz6m@ibm.com,Male,205.135.29.51
240,Even,Weddeburn,eweddeburn6n@naver.com,Male,198.127.117.172
241,Colby,Naisey,cnaisey6o@meetup.com,Male,191.134.61.164
242,Diarmid,Facer,dfacer6p@tiny.cc,Male,192.213.241.144
243,Talyah,Luxton,tluxton6q@earthlink.net,Non-binary,196.28.163.201
244,Hansiain,McTrustrie,hmctrustrie6r@sohu.com,Male,108.24.196.67
245,Wald,Greasty,wgreasty6s@springer.com,Male,175.174.174.67
246,Kip,Binstead,kbinstead6t@timesonline.co.uk,Male,14.53.32.91
247,Saleem,Pryke,spryke6u@yolasite.com,Male,137.178.5.247
248,Cassius,Richardon,crichardon6v@yale.edu,Male,199.92.193.149
249,Dan,Antonoyev,dantonoyev6w@imdb.com,Male,188.190.167.128
250,Ker,Szymanowicz,kszymanowicz6x@cdbaby.com,Genderfluid,121.93.144.175
251,Jyoti,Bryden,jbryden6y@t-online.de,Genderqueer,61.55.22.146
252,Rancell,Haggus,rhaggus6z@oakley.com,Male,159.113.149.221
253,Zsazsa,Rodenburg,zrodenburg70@aol.com,Female,98.90.113.1
254,Peggi,Ibbetson,pibbetson71@xing.com,Female,245.239.11.127
255,Marabel,Mcimmie,mmcimmie72@shinystat.com,Genderqueer,74.183.125.40
256,Osborn,Jeremaes,ojeremaes73@boston.com,Agender,61.15.218.20
257,Rudie,Toppes,rtoppes74@archive.org,Male,160.148.93.134
258,Orlando,Johnys,ojohnys75@adobe.com,Male,198.49.115.127
259,Elihu,Drezzer,edrezzer76@unc.edu,Male,35.84.99.202
260,Leila,Filinkov,lfilinkov77@123-reg.co.uk,Female,157.182.162.245
261,Lurleen,Ruspine,lruspine78@surveymonkey.com,Female,108.220.54.167
262,Natalie,Blakeley,nblakeley79@woothemes.com,Female,217.144.42.208
263,Alice,Raycroft,araycroft7a@yale.edu,Female,94.185.114.126
264,Vivia,de Najera,vdenajera7b@fastcompany.com,Female,217.229.84.52
265,Olin,Townsend,otownsend7c@tinyurl.com,Genderqueer,82.196.171.143
266,Duffie,Turmall,dturmall7d@adobe.com,Male,171.96.208.72
267,Desmond,Mellor,dmellor7e@cnbc.com,Male,238.253.250.76
268,Sena,Pleager,spleager7f@yandex.ru,Female,250.248.81.153
269,Onfre,Dowling,odowling7g@elpais.com,Genderfluid,80.210.189.78
270,Hildegarde,Brierley,hbrierley7h@sciencedirect.com,Female,207.243.235.185
271,Zerk,Squirrel,zsquirrel7i@stanford.edu,Male,63.222.52.109
272,Delmar,Faussett,dfaussett7j@ameblo.jp,Male,162.28.27.204
273,Briana,Putnam,bputnam7k@kickstarter.com,Female,232.11.231.54
274,Franny,Muston,fmuston7l@netlog.com,Non-binary,46.124.187.244
275,Angelita,Lackie,alackie7m@simplemachines.org,Female,106.36.194.9
276,Lemar,Rubinsohn,lrubinsohn7n@google.es,Bigender,244.156.190.123
277,Luis,Pearce,lpearce7o@prlog.org,Male,253.59.97.227
278,Roderic,Cardenas,rcardenas7p@redcross.org,Male,133.126.156.217
279,Gunilla,Windus,gwindus7q@miitbeian.gov.cn,Female,52.196.98.36
280,Noland,Peschka,npeschka7r@ft.com,Male,229.201.250.61
281,Harlan,Darlow,hdarlow7s@deliciousdays.com,Male,119.86.132.146
282,Geneva,MacGaughy,gmacgaughy7t@china.com.cn,Genderfluid,187.95.249.195
283,Morgen,Stevens,mstevens7u@mozilla.org,Female,174.169.45.74
284,Burnard,Heal,bheal7v@timesonline.co.uk,Male,174.8.210.247
285,Pierre,Critoph,pcritoph7w@qq.com,Male,39.121.54.107
286,Marc,Timbrell,mtimbrell7x@dell.com,Male,98.41.242.181
287,Marsiella,Caldaro,mcaldaro7y@joomla.org,Non-binary,50.56.96.205
288,Will,Forte,wforte7z@netlog.com,Male,133.166.137.68
289,Sybila,Tetsall,stetsall80@vk.com,Polygender,3.102.112.221
290,Gale,Goode,ggoode81@squarespace.com,Female,107.45.166.83
291,Marion,Westoff,mwestoff82@ezinearticles.com,Male,80.159.41.233
292,Issie,Gavriel,igavriel83@mlb.com,Female,25.129.116.99
293,Ulric,Heynel,uheynel84@ebay.co.uk,Male,150.186.3.3
294,Roth,Janik,rjanik85@topsy.com,Male,223.74.186.154
295,Christy,Kenen,ckenen86@apple.com,Female,60.36.113.168
296,Dew,Vanyukhin,dvanyukhin87@liveinternet.ru,Male,112.238.111.25
297,Galina,Lamyman,glamyman88@acquirethisname.com,Female,129.155.153.164
298,Baxy,Keslake,bkeslake89@alexa.com,Male,110.161.158.251
299,Maurie,Helstrom,mhelstrom8a@t.co,Male,251.173.63.89
300,Dorrie,Deakes,ddeakes8b@mysql.com,Female,240.194.90.74
301,Cody,Trays,ctrays8c@webeden.co.uk,Male,77.212.38.80
302,Goddart,Novakovic,gnovakovic8d@skyrock.com,Male,29.80.210.155
303,Andra,Colley,acolley8e@wiley.com,Female,27.116.36.147
304,Tamqrah,Cotgrave,tcotgrave8f@com.com,Female,140.193.206.68
305,Hamlen,Brussell,hbrussell8g@sourceforge.net,Male,190.234.17.210
306,Maire,Baldi,mbaldi8h@psu.edu,Female,89.38.120.232
307,Skylar,Vassman,svassman8i@flavors.me,Male,51.63.136.77
308,Daphene,Wansbury,dwansbury8j@squarespace.com,Female,70.167.200.86
309,Ryon,Zanitti,rzanitti8k@va.gov,Male,66.201.132.201
310,Fleurette,Osman,fosman8l@adobe.com,Female,23.163.247.69
311,Donn,Lambrook,dlambrook8m@unblog.fr,Male,248.56.104.53
312,Uriel,Barrable,ubarrable8n@seattletimes.com,Male,138.196.77.86
313,Goran,Scalera,gscalera8o@unc.edu,Male,245.44.159.113
314,Leanna,Benjafield,lbenjafield8p@nature.com,Bigender,85.239.2.138
315,Yolanda,Vicker,yvicker8q@infoseek.co.jp,Female,51.228.232.16
316,Susanna,Colleford,scolleford8r@wisc.edu,Female,206.24.111.254
317,Carolee,Rigts,crigts8s@weather.com,Polygender,193.75.191.153
318,Dyana,Roan,droan8t@google.es,Female,195.118.165.134
319,Tim,Beadles,tbeadles8u@twitter.com,Male,196.98.16.175
320,Martyn,Crebott,mcrebott8v@blogspot.com,Male,106.118.97.3
321,Yvon,Folk,yfolk8w@webmd.com,Male,25.248.118.158
322,Taryn,Ladbrook,tladbrook8x@i2i.jp,Female,50.100.224.215
323,Ody,Tutsell,otutsell8y@tripod.com,Male,94.165.145.132
324,Catharina,Cottey,ccottey8z@linkedin.com,Female,198.175.107.75
325,Phaidra,Orgill,porgill90@diigo.com,Female,118.168.108.32
326,Coralyn,Hammell,chammell91@about.com,Non-binary,115.253.154.42
327,Fabiano,Lishmund,flishmund92@istockphoto.com,Male,56.143.174.27
328,Urbanus,Dalgleish,udalgleish93@mail.ru,Male,206.22.185.191
329,Mina,Meus,mmeus94@issuu.com,Female,35.44.227.24
330,Romola,Domm,rdomm95@msu.edu,Female,13.132.107.56
331,Glen,Thackham,gthackham96@wikimedia.org,Male,33.196.163.149
332,Isabelita,Goulden,igoulden97@sitemeter.com,Female,83.233.98.21
333,Papagena,Madsen,pmadsen98@mozilla.org,Female,103.218.199.162
334,Thom,Woollons,twoollons99@last.fm,Male,32.254.44.228
335,Corty,Hutchason,chutchason9a@last.fm,Male,34.211.62.16
336,Malena,Roswarn,mroswarn9b@pinterest.com,Female,122.226.206.166
337,Westley,Eddison,weddison9c@blogspot.com,Male,62.175.5.88
338,Jeffy,Pinks,jpinks9d@edublogs.org,Male,207.143.172.48
339,Mathias,Lyddyard,mlyddyard9e@flickr.com,Male,78.130.212.195
340,Sullivan,Lebourn,slebourn9f@hugedomains.com,Male,251.109.247.176
341,Hazlett,Tuting,htuting9g@mashable.com,Polygender,40.54.235.203
342,Margaretta,Nobriga,mnobriga9h@sourceforge.net,Female,17.30.214.222
343,Laverna,Sandars,lsandars9i@goodreads.com,Female,184.212.217.36
344,Oralee,Bohlsen,obohlsen9j@guardian.co.uk,Female,102.108.215.201
345,Nisse,Westfield,nwestfield9k@sina.com.cn,Genderqueer,61.248.61.2
346,Justin,Withinshaw,jwithinshaw9l@disqus.com,Male,2.123.82.96
347,Ned,Dalgarnocht,ndalgarnocht9m@bloglovin.com,Male,197.84.111.123
348,Renault,Woolerton,rwoolerton9n@smh.com.au,Male,208.1.41.35
349,Brander,Paling,bpaling9o@gov.uk,Male,1.58.26.231
350,Merla,Kuna,mkuna9p@google.co.jp,Female,34.208.166.68
351,Boonie,Harcombe,bharcombe9q@loc.gov,Male,5.210.21.231
352,Polly,Halsworth,phalsworth9r@bravesites.com,Female,85.239.148.175
353,Jeremias,Blunsden,jblunsden9s@jiathis.com,Male,137.72.44.210
354,Verne,Hrinchenko,vhrinchenko9t@goo.gl,Male,207.37.60.144
355,Natalya,Brinson,nbrinson9u@zimbio.com,Female,183.154.147.206
356,Gilligan,Holdren,gholdren9v@ucoz.ru,Female,180.17.114.224
357,Pietro,Stannah,pstannah9w@irs.gov,Male,141.172.46.207
358,Arlin,Swepson,aswepson9x@macromedia.com,Polygender,144.139.162.128
359,Olimpia,Dowker,odowker9y@twitpic.com,Female,33.223.18.19
360,Taite,Reckless,treckless9z@cafepress.com,Male,41.79.58.142
361,Cleavland,France,cfrancea0@wunderground.com,Male,10.130.214.203
362,Augustine,Herculson,aherculsona1@cnbc.com,Female,138.248.59.78
363,Thaxter,Devenport,tdevenporta2@scientificamerican.com,Genderfluid,108.149.88.125
364,Kaylee,Nellis,knellisa3@ed.gov,Female,45.118.214.113
365,Ynez,Matura,ymaturaa4@prnewswire.com,Female,43.229.188.208
366,Robbie,Tenniswood,rtenniswooda5@github.com,Male,6.142.20.151
367,Nicoline,Rossant,nrossanta6@mysql.com,Female,134.252.156.102
368,Cosme,Courtes,ccourtesa7@theglobeandmail.com,Male,246.154.65.214
369,Rich,Prestland,rprestlanda8@plala.or.jp,Genderqueer,117.203.62.116
370,Allis,Scolland,ascollanda9@apache.org,Female,232.10.64.23
371,Harriott,Mansfield,hmansfieldaa@edublogs.org,Female,228.196.40.161
372,Meg,Alberts,malbertsab@ihg.com,Female,176.201.231.208
373,Hall,Warsap,hwarsapac@quantcast.com,Male,62.21.234.67
374,Ruddie,Gibbett,rgibbettad@elegantthemes.com,Genderqueer,36.176.21.158
375,Kellby,Nuschke,knuschkeae@who.int,Male,63.3.57.60
376,Hedvig,Ketchen,hketchenaf@spotify.com,Genderfluid,84.192.131.20
377,Hugh,Leidecker,hleideckerag@umn.edu,Male,111.148.179.174
378,Dall,Blaylock,dblaylockah@pagesperso-orange.fr,Male,76.7.39.186
379,Adelaida,Lezemore,alezemoreai@skype.com,Female,78.204.211.94
380,Rebeca,Nickels,rnickelsaj@bbc.co.uk,Female,122.219.151.66
381,Renaldo,Lowrance,rlowranceak@purevolume.com,Male,148.22.116.136
382,Thorny,Keiley,tkeileyal@networksolutions.com,Male,90.111.144.173
383,Fawnia,Penhaligon,fpenhaligonam@google.com.au,Female,109.152.8.162
384,Kym,Mahony,kmahonyan@nbcnews.com,Female,246.49.137.43
385,Ezequiel,Paoloni,epaoloniao@army.mil,Male,196.35.116.153
386,Catherin,Duesberry,cduesberryap@weibo.com,Female,9.220.9.23
387,Pedro,Rambaut,prambautaq@state.gov,Male,92.135.181.177
388,Cleve,Swalowe,cswalowear@stumbleupon.com,Male,40.131.209.95
389,Sandye,Lafranconi,slafranconias@wordpress.com,Female,129.115.177.213
390,Gabbie,Edgin,gedginat@tripadvisor.com,Bigender,162.55.140.94
391,Kendricks,Gudge,kgudgeau@nature.com,Male,94.246.36.191
392,Silas,Coldridge,scoldridgeav@patch.com,Male,250.38.166.103
393,Dael,Richarz,dricharzaw@tinyurl.com,Male,8.111.130.138
394,Brande,Randell,brandellax@engadget.com,Female,181.127.83.166
395,Ruddie,O'Lennachain,rolennachainay@macromedia.com,Bigender,60.49.43.135
396,Gianina,Neylon,gneylonaz@gov.uk,Bigender,30.244.66.215
397,Angel,Gales,agalesb0@symantec.com,Female,199.60.164.74
398,Darbee,Sollime,dsollimeb1@reverbnation.com,Male,203.27.135.186
399,Leontine,Tesh,lteshb2@ftc.gov,Female,187.146.9.5
400,Hortensia,Canniffe,hcanniffeb3@sbwire.com,Female,48.241.103.120
401,Berky,Mirando,bmirandob4@i2i.jp,Male,44.156.19.102
402,Taffy,Fortoun,tfortounb5@sbwire.com,Female,189.75.179.85
403,Barton,Gromley,bgromleyb6@ustream.tv,Male,17.12.61.99
404,Packston,Androlli,pandrollib7@blog.com,Bigender,92.59.118.248
405,Hamlin,Lecount,hlecountb8@usda.gov,Male,67.222.120.247
406,Benedicta,MacRury,bmacruryb9@mozilla.org,Female,245.168.119.163
407,Justus,Dencs,jdencsba@devhub.com,Male,113.57.55.120
408,Miltie,Carman,mcarmanbb@admin.ch,Male,183.79.71.70
409,Elaina,Sicely,esicelybc@scribd.com,Female,37.27.194.231
410,Crystie,Tombs,ctombsbd@npr.org,Female,189.205.233.189
411,Tonya,Di Roberto,tdirobertobe@virginia.edu,Female,215.36.108.42
412,Carver,Say,csaybf@jalbum.net,Male,19.69.234.20
413,Giralda,Presley,gpresleybg@spotify.com,Female,246.96.141.67
414,Sholom,Magnar,smagnarbh@soundcloud.com,Male,81.224.158.29
415,Colleen,Cordeiro,ccordeirobi@elegantthemes.com,Female,77.128.75.236
416,Wayland,Frontczak,wfrontczakbj@amazon.co.uk,Male,43.226.31.99
417,Shayne,Petrovic,spetrovicbk@bigcartel.com,Polygender,156.16.199.214
418,Rocky,Tweddell,rtweddellbl@mozilla.com,Male,193.44.222.222
419,Ulrike,Duigenan,uduigenanbm@cbc.ca,Female,226.171.169.88
420,Binky,Plester,bplesterbn@e-recht24.de,Male,181.85.130.142
421,Somerset,Belitz,sbelitzbo@nature.com,Male,18.51.65.54
422,Electra,Klich,eklichbp@sogou.com,Female,74.4.138.104
423,Hamish,Chinnock,hchinnockbq@cbslocal.com,Male,246.244.70.104
424,Twila,Teresse,tteressebr@google.de,Female,181.6.3.166
425,Henry,Moseby,hmosebybs@paypal.com,Male,243.21.22.210
426,Arly,Bliven,ablivenbt@etsy.com,Female,7.169.71.44
427,Maxine,Rudsdell,mrudsdellbu@businesswire.com,Female,18.243.181.159
428,Homere,Sieve,hsievebv@weather.com,Male,90.112.133.202
429,Eberhard,Oda,eodabw@addtoany.com,Male,198.97.236.42
430,Seumas,Cosham,scoshambx@pinterest.com,Male,214.187.254.226
431,Jaquith,Dello,jdelloby@booking.com,Polygender,243.232.136.111
432,Shep,O'Hern,sohernbz@mtv.com,Male,215.0.201.8
433,Charmaine,Baggalley,cbaggalleyc0@ted.com,Female,72.52.209.4
434,Dean,Arthars,dartharsc1@twitter.com,Male,153.219.95.32
435,Vaclav,Lindeman,vlindemanc2@cnet.com,Male,187.5.210.109
436,Killian,Fladgate,kfladgatec3@google.com.br,Male,239.148.91.217
437,Stuart,Jendrys,sjendrysc4@youtube.com,Male,100.3.226.139
438,Dena,Mattioli,dmattiolic5@comsenz.com,Polygender,116.75.100.139
439,Ambrosius,Winman,awinmanc6@japanpost.jp,Male,193.130.201.72
440,Tod,Dunsmuir,tdunsmuirc7@ucsd.edu,Male,195.23.209.197
441,Mohandas,Cloy,mcloyc8@mashable.com,Male,103.178.65.228
442,Janos,Dearlove,jdearlovec9@vkontakte.ru,Male,248.142.170.22
443,Bradney,Ollier,bollierca@independent.co.uk,Male,30.254.186.94
444,Brenda,Trynor,btrynorcb@geocities.com,Genderqueer,247.68.80.34
445,Chevalier,Cakes,ccakescc@cbslocal.com,Male,251.6.195.35
446,Mic,Warricker,mwarrickercd@princeton.edu,Male,174.185.99.94
447,Marji,Atherley,matherleyce@redcross.org,Female,25.56.76.23
448,Laura,Stepto,lsteptocf@tiny.cc,Female,223.97.160.253
449,Giordano,Gregorace,ggregoracecg@php.net,Male,68.198.71.2
450,Bradney,Stranger,bstrangerch@newyorker.com,Male,243.218.181.140
451,Patrizio,Eadington,peadingtonci@google.co.uk,Male,185.90.55.232
452,Luella,Leppard,lleppardcj@ox.ac.uk,Female,80.36.248.86
453,Hazlett,Farny,hfarnyck@goo.ne.jp,Male,184.81.149.127
454,Ardine,Gianotti,agianotticl@paginegialle.it,Female,202.210.189.37
455,Marybeth,Hagger,mhaggercm@lulu.com,Female,88.133.242.27
456,Emily,Tidman,etidmancn@npr.org,Female,122.232.222.234
457,Benson,Mabson,bmabsonco@amazon.de,Male,206.138.202.119
458,Germaine,Boness,gbonesscp@toplist.cz,Female,183.243.239.14
459,Gaynor,Cattroll,gcattrollcq@sun.com,Female,89.57.101.241
460,Marietta,Thumann,mthumanncr@bbb.org,Female,58.173.137.124
461,Lynett,Durdy,ldurdycs@spotify.com,Female,113.62.1.162
462,Simonette,Seebright,sseebrightct@princeton.edu,Female,78.119.33.61
463,La verne,Tilley,ltilleycu@facebook.com,Female,180.79.232.46
464,Michel,Frank,mfrankcv@multiply.com,Male,7.99.226.137
465,Ignace,Wroth,iwrothcw@acquirethisname.com,Male,83.190.92.11
466,Palm,Collens,pcollenscx@ow.ly,Male,45.233.54.251
467,Charmain,Martschke,cmartschkecy@yahoo.com,Female,49.196.39.249
468,Wayland,Piquard,wpiquardcz@tmall.com,Male,117.122.209.77
469,Saree,Butterfill,sbutterfilld0@time.com,Female,92.51.199.172
470,Mayer,Tireman,mtiremand1@altervista.org,Male,50.185.55.8
471,Mollie,O'Hara,moharad2@hexun.com,Female,62.20.10.64
472,Owen,Ianson,oiansond3@ca.gov,Male,122.89.76.10
473,Marti,Gainsboro,mgainsborod4@hao123.com,Female,117.52.156.197
474,Minnie,Rushbury,mrushburyd5@yahoo.com,Female,194.20.66.181
475,Hymie,Robke,hrobked6@meetup.com,Male,61.169.7.102
476,Mikol,Sheerin,msheerind7@cornell.edu,Male,157.86.72.117
477,Kendal,Scudamore,kscudamored8@examiner.com,Male,187.251.34.60
478,Elia,Gendricke,egendricked9@de.vu,Male,239.226.63.21
479,Johnathan,Graalman,jgraalmanda@uol.com.br,Male,62.208.15.205
480,Auberon,Ghelarducci,aghelarduccidb@ocn.ne.jp,Male,254.40.36.134
481,Gilles,Carnachen,gcarnachendc@zdnet.com,Male,169.87.171.9
482,Marrilee,Mynett,mmynettdd@reddit.com,Female,153.120.253.245
483,Mateo,McGarry,mmcgarryde@ftc.gov,Genderfluid,39.230.144.119
484,Julian,Laible,jlaibledf@surveymonkey.com,Male,124.97.187.100
485,De,Avey,daveydg@bluehost.com,Female,250.95.122.226
486,Yetty,Persence,ypersencedh@4shared.com,Agender,11.184.179.213
487,Kathrine,Garwill,kgarwilldi@opensource.org,Female,79.250.43.87
488,Evelina,Bingell,ebingelldj@last.fm,Female,54.29.77.105
489,Kellsie,Rist,kristdk@weather.com,Genderfluid,17.122.85.163
490,Gianina,Kryszkiecicz,gkryszkieciczdl@ning.com,Non-binary,30.90.60.187
491,Clementine,Debnam,cdebnamdm@weather.com,Female,139.10.137.149
492,Ezequiel,Allden,ealldendn@google.it,Male,215.150.216.114
493,Rodolph,Oxby,roxbydo@paginegialle.it,Male,254.106.156.172
494,Port,Vaugham,pvaughamdp@tuttocitta.it,Male,116.192.184.158
495,Wilhelmina,Cristea,wcristeadq@multiply.com,Female,44.193.51.110
496,Nahum,Kerwin,nkerwindr@phpbb.com,Male,57.189.156.170
497,Aloysius,Jakubovics,ajakubovicsds@yahoo.com,Male,230.157.153.234
498,Brod,Keningley,bkeningleydt@economist.com,Male,149.39.3.135
499,Stillmann,Maypowder,smaypowderdu@spiegel.de,Genderqueer,102.73.14.232
500,Marylou,Yurukhin,myurukhindv@usatoday.com,Female,183.62.40.162
501,Donovan,Tolcharde,dtolchardedw@barnesandnoble.com,Male,30.51.194.37
502,Flory,Rykert,frykertdx@artisteer.com,Male,10.150.44.147
503,Claudianus,Ruperto,crupertody@ebay.com,Male,59.254.63.202
504,Delores,Fairweather,dfairweatherdz@omniture.com,Female,118.92.203.5
505,Randy,Dearnaly,rdearnalye0@goo.gl,Male,250.60.167.242
506,Alaric,Burditt,aburditte1@newsvine.com,Male,201.230.112.6
507,Crosby,Vatini,cvatinie2@statcounter.com,Male,96.75.210.44
508,Wakefield,Wann,wwanne3@businessweek.com,Male,135.99.253.87
509,Massimiliano,Willcox,mwillcoxe4@mapy.cz,Non-binary,165.1.158.53
510,Ira,Bosley,ibosleye5@abc.net.au,Genderqueer,145.125.57.141
511,Buffy,Desquesnes,bdesquesnese6@fc2.com,Female,124.103.224.32
512,Davidde,Weetch,dweetche7@comcast.net,Male,7.234.139.238
513,Connor,O'Bradain,cobradaine8@wikipedia.org,Male,71.190.199.163
514,Doris,Creagh,dcreaghe9@google.com,Genderfluid,185.51.151.120
515,Orson,McGregor,omcgregorea@ucla.edu,Bigender,120.106.203.70
516,Cleavland,Plenderleith,cplenderleitheb@harvard.edu,Male,3.163.171.67
517,Dietrich,Tofful,dtoffulec@virginia.edu,Male,149.145.245.61
518,Milo,Frisdick,mfrisdicked@weebly.com,Male,210.189.114.184
519,Bill,Spurret,bspurretee@friendfeed.com,Male,199.113.133.178
520,Mabelle,Flett,mflettef@tuttocitta.it,Female,92.12.213.113
521,Broddie,Kevern,bkeverneg@facebook.com,Male,45.144.9.84
522,Humfrid,Diprose,hdiproseeh@g.co,Male,141.160.66.217
523,Rosalynd,Phettis,rphettisei@sphinn.com,Female,27.0.245.138
524,Maiga,Duckett,mduckettej@discuz.net,Female,150.198.44.154
525,Darline,Lennarde,dlennardeek@aol.com,Genderqueer,148.92.116.166
526,Jason,Grandison,jgrandisonel@mit.edu,Male,225.146.68.247
527,Rip,Yateman,ryatemanem@people.com.cn,Male,215.241.101.78
528,Dell,Davson,ddavsonen@amazon.com,Female,44.146.7.173
529,Morie,Laydon,mlaydoneo@amazon.de,Male,230.197.5.104
530,Susy,Queyos,squeyosep@histats.com,Female,188.5.157.125
531,Suzy,Birdseye,sbirdseyeeq@stanford.edu,Female,50.33.156.26
532,Bret,Speake,bspeakeer@wordpress.com,Male,18.169.28.53
533,Aubrette,Sitlinton,asitlintones@auda.org.au,Female,51.170.28.212
534,Man,Lambertson,mlambertsonet@pen.io,Male,66.67.105.118
535,Egan,Lampl,elampleu@barnesandnoble.com,Male,9.169.128.81
536,Lawrence,McCallam,lmccallamev@ucla.edu,Bigender,134.35.44.128
537,Korry,Hornung,khornungew@com.com,Female,181.248.25.229
538,Ganny,Terrazzo,gterrazzoex@oaic.gov.au,Male,106.76.101.89
539,Parker,Seakings,pseakingsey@example.com,Male,144.235.230.6
540,Astrid,Napoleone,anapoleoneez@patch.com,Non-binary,48.152.133.212
541,Eal,Dobbinson,edobbinsonf0@t-online.de,Male,67.146.16.114
542,Linda,Bixley,lbixleyf1@php.net,Bigender,185.25.238.170
543,Ardith,Ashe,aashef2@intel.com,Female,232.103.214.171
544,Ada,Mackie,amackief3@cisco.com,Female,153.200.43.93
545,Claudian,Bollard,cbollardf4@un.org,Male,176.38.124.234
546,Harley,Arthur,harthurf5@lycos.com,Male,41.1.213.223
547,Gregorius,Chatto,gchattof6@timesonline.co.uk,Male,168.38.231.206
548,Jessie,Vasilyonok,jvasilyonokf7@yelp.com,Polygender,16.220.88.197
549,Marybeth,Duddle,mduddlef8@yelp.com,Female,68.107.217.39
550,Kristien,Buscher,kbuscherf9@angelfire.com,Female,12.100.245.40
551,Don,Chalke,dchalkefa@state.tx.us,Male,148.80.213.8
552,Beau,Jollie,bjolliefb@umn.edu,Non-binary,175.141.102.226
553,Johannah,Lakey,jlakeyfc@vistaprint.com,Female,71.116.11.134
554,Francesco,Wattingham,fwattinghamfd@statcounter.com,Male,13.109.216.46
555,Beck,Ockland,bocklandfe@bravesites.com,Male,144.61.224.178
556,Alyson,Blackesland,ablackeslandff@livejournal.com,Female,229.79.126.72
557,Suki,Cullrford,scullrfordfg@stumbleupon.com,Female,162.209.0.112
558,Ansell,Hulett,ahulettfh@utexas.edu,Polygender,183.134.38.39
559,Melantha,Pritchitt,mpritchittfi@examiner.com,Female,154.38.167.74
560,Theadora,Deppe,tdeppefj@usda.gov,Female,88.187.140.156
561,Kalli,Chatt,kchattfk@csmonitor.com,Female,7.197.74.160
562,Lammond,Paddick,lpaddickfl@imdb.com,Male,67.230.191.14
563,Drud,Allwright,dallwrightfm@angelfire.com,Agender,206.136.49.50
564,Garold,Duprey,gdupreyfn@elegantthemes.com,Male,248.119.142.252
565,Candi,Chasteney,cchasteneyfo@nbcnews.com,Female,56.202.54.168
566,Letizia,Anfossi,lanfossifp@deliciousdays.com,Female,63.177.77.65
567,Tait,Philipeau,tphilipeaufq@tiny.cc,Male,182.31.25.144
568,Alyce,Danaher,adanaherfr@clickbank.net,Female,63.216.185.240
569,Nannette,Shelmerdine,nshelmerdinefs@mapy.cz,Female,103.103.131.106
570,Fawne,Guitt,fguittft@sphinn.com,Female,20.125.39.14
571,Nate,Gopsell,ngopsellfu@dion.ne.jp,Male,190.252.95.207
572,Nessy,Clemmow,nclemmowfv@ocn.ne.jp,Female,40.246.108.30
573,Gabbie,Jurgensen,gjurgensenfw@merriam-webster.com,Female,182.70.10.196
574,Catarina,Ivanyukov,civanyukovfx@wordpress.com,Female,166.195.157.209
575,Hilliary,Rief,hrieffy@clickbank.net,Female,207.105.170.107
576,Evvy,Tamblyn,etamblynfz@va.gov,Female,224.52.135.53
577,Charlean,Twinning,ctwinningg0@furl.net,Female,20.243.102.221
578,Jone,Brenton,jbrentong1@facebook.com,Male,191.22.109.213
579,Killian,Cloonan,kcloonang2@bloglovin.com,Male,126.164.193.250
580,Richy,Poulsom,rpoulsomg3@free.fr,Male,80.46.71.121
581,Damiano,Durnford,ddurnfordg4@geocities.com,Male,143.233.216.114
582,Charles,Hendron,chendrong5@trellian.com,Male,41.185.110.203
583,Karena,Andrichuk,kandrichukg6@telegraph.co.uk,Female,252.251.78.94
584,Jessi,Gaynor,jgaynorg7@elpais.com,Female,68.55.5.113
585,Jessee,McGonagle,jmcgonagleg8@skype.com,Male,109.50.158.40
586,Loralie,Amsberger,lamsbergerg9@globo.com,Female,77.89.178.97
587,Humberto,Aggis,haggisga@businesswire.com,Male,87.196.19.146
588,Sheba,Leiden,sleidengb@hubpages.com,Female,90.0.65.128
589,Philly,Matherson,pmathersongc@fda.gov,Female,212.75.11.73
590,Pammie,McKirdy,pmckirdygd@vk.com,Female,220.14.133.199
591,Johnny,Fynes,jfynesge@mozilla.com,Male,247.14.235.16
592,Doro,Housecroft,dhousecroftgf@baidu.com,Female,123.180.155.72
593,Merilee,Danick,mdanickgg@pen.io,Female,31.47.138.88
594,Jerrold,Kuhne,jkuhnegh@diigo.com,Male,47.220.102.121
595,Avictor,Parfrey,aparfreygi@php.net,Male,161.17.113.166
596,Mariette,Batalini,mbatalinigj@youtu.be,Female,212.147.104.74
597,Augustine,Drysdall,adrysdallgk@omniture.com,Male,235.141.234.10
598,Dorthea,Swabey,dswabeygl@weather.com,Female,143.246.40.212
599,Mendy,O'Boyle,moboylegm@sakura.ne.jp,Male,95.56.13.58
600,Culley,Heaysman,cheaysmangn@lulu.com,Male,50.225.133.93
601,Neilla,Wyldbore,nwyldborego@free.fr,Female,128.165.48.94
602,Alisa,Meenehan,ameenehangp@phpbb.com,Agender,233.102.163.12
603,Aleece,Schoular,aschoulargq@hostgator.com,Female,78.172.10.24
604,Leland,Maudlen,lmaudlengr@dedecms.com,Male,215.4.27.14
605,Tomaso,Fullegar,tfullegargs@sciencedirect.com,Male,103.94.123.226
606,Robinet,Witten,rwittengt@networkadvertising.org,Male,11.37.150.96
607,Donaugh,Piris,dpirisgu@friendfeed.com,Male,166.134.234.72
608,Loy,Smitham,lsmithamgv@google.pl,Male,123.118.242.40
609,Hailey,Haglinton,hhaglintongw@phpbb.com,Male,219.157.104.216
610,Dewey,Bessett,dbessettgx@rakuten.co.jp,Bigender,98.158.177.105
611,Kalinda,Constance,kconstancegy@constantcontact.com,Female,235.60.81.52
612,Juliet,Parfrey,jparfreygz@ft.com,Genderqueer,227.147.159.105
613,Trace,Ben-Aharon,tbenaharonh0@pbs.org,Agender,222.187.178.7
614,Nell,Venable,nvenableh1@merriam-webster.com,Female,8.135.35.182
615,Armand,Gallaway,agallawayh2@plala.or.jp,Male,93.101.26.235
616,Daryn,Philippson,dphilippsonh3@reverbnation.com,Female,78.51.140.180
617,Lyndy,McGuckin,lmcguckinh4@sbwire.com,Female,218.170.151.152
618,Gan,Pirri,gpirrih5@webmd.com,Male,178.173.226.212
619,Malchy,Overstone,moverstoneh6@arstechnica.com,Male,165.172.68.19
620,Elspeth,MacChaell,emacchaellh7@biblegateway.com,Female,197.82.236.25
621,Dorie,Rilton,driltonh8@state.tx.us,Female,205.42.127.83
622,Kimble,Stainson,kstainsonh9@dedecms.com,Male,87.42.143.206
623,Yolanthe,Birrell,ybirrellha@imdb.com,Female,248.150.101.85
624,Kristian,Culleford,kcullefordhb@msn.com,Male,17.157.168.175
625,Deck,Scattergood,dscattergoodhc@lycos.com,Male,96.118.147.182
626,Antons,Cheeney,acheeneyhd@histats.com,Male,106.162.244.95
627,Tabb,Giannassi,tgiannassihe@sogou.com,Male,208.228.17.37
628,Enriqueta,Smallridge,esmallridgehf@arstechnica.com,Female,71.116.67.212
629,Mufi,Jeremiah,mjeremiahhg@earthlink.net,Female,39.97.121.188
630,Sigismund,Dilrew,sdilrewhh@pbs.org,Bigender,202.138.188.98
631,Hugo,Daintree,hdaintreehi@time.com,Male,46.150.48.79
632,Byrom,Reynoollds,breynoolldshj@discovery.com,Bigender,19.15.189.209
633,Ev,Bechley,ebechleyhk@mozilla.com,Male,125.207.231.225
634,Devonna,Cristofor,dcristoforhl@cocolog-nifty.com,Female,197.54.182.28
635,Alvin,Laister,alaisterhm@sogou.com,Male,229.105.162.150
636,Valina,Bardell,vbardellhn@statcounter.com,Female,210.129.176.8
637,Laurie,Olyfant,lolyfantho@chron.com,Male,15.109.195.243
638,Brewer,O'Leary,bolearyhp@cafepress.com,Male,168.179.23.18
639,Saunders,Balaam,sbalaamhq@sciencedirect.com,Male,4.60.14.138
640,Heath,Lukesch,hlukeschhr@fotki.com,Male,109.85.213.246
641,Germaine,Ethridge,gethridgehs@netvibes.com,Genderfluid,103.79.157.124
642,Edlin,McRobbie,emcrobbieht@chron.com,Male,200.236.108.212
643,Randal,Ruseworth,rruseworthhu@shareasale.com,Male,14.25.194.146
644,Alyse,Nutty,anuttyhv@drupal.org,Female,191.220.35.26
645,Cathi,Remer,cremerhw@wp.com,Female,15.235.254.191
646,Ingaborg,Dodell,idodellhx@mozilla.com,Female,235.180.49.158
647,Sven,Prettyjohn,sprettyjohnhy@weebly.com,Male,148.36.62.195
648,Carny,Wrightham,cwrighthamhz@elegantthemes.com,Male,135.239.91.233
649,Marinna,Yegorkov,myegorkovi0@flickr.com,Female,153.158.86.17
650,Elysia,Latek,elateki1@friendfeed.com,Female,114.245.205.82
651,Jonah,Excell,jexcelli2@topsy.com,Male,215.3.172.181
652,Suki,Grayston,sgraystoni3@istockphoto.com,Female,11.230.35.237
653,Katusha,Lionel,klioneli4@pen.io,Female,54.234.27.184
654,Kale,Longthorn,klongthorni5@myspace.com,Male,61.242.190.137
655,Bunnie,Ogers,bogersi6@netscape.com,Female,44.229.123.199
656,Kenn,Rookeby,krookebyi7@statcounter.com,Polygender,84.47.76.121
657,Aldus,Caulcott,acaulcotti8@microsoft.com,Male,58.236.17.250
658,Kania,Simants,ksimantsi9@stumbleupon.com,Non-binary,15.97.155.201
659,Fulvia,Ashburne,fashburneia@canalblog.com,Female,239.134.95.148
660,Toby,Palliser,tpalliserib@theatlantic.com,Male,107.2.227.205
661,Patty,Mowen,pmowenic@mayoclinic.com,Female,83.3.246.160
662,Jarrid,Ord,jordid@multiply.com,Male,240.121.63.226
663,Blaire,Nichol,bnicholie@intel.com,Female,53.87.67.220
664,Brand,Pimblett,bpimblettif@networkadvertising.org,Agender,178.229.101.40
665,Aldus,Storrier,astorrierig@abc.net.au,Male,152.196.99.242
666,Sherwynd,Spinelli,sspinelliih@ted.com,Male,112.45.252.172
667,Eva,Bolstridge,ebolstridgeii@goo.ne.jp,Female,191.157.159.23
668,Cam,Spong,cspongij@taobao.com,Female,152.106.90.175
669,Abey,Killiner,akillinerik@mapquest.com,Male,206.81.68.45
670,Rudd,Thoumas,rthoumasil@kickstarter.com,Male,133.125.130.251
671,Husein,Philcox,hphilcoxim@fda.gov,Genderfluid,134.172.178.35
672,Dulci,Benoi,dbenoiin@bloglines.com,Polygender,71.142.217.22
673,Darnell,Notley,dnotleyio@businessinsider.com,Male,168.177.133.14
674,Norrie,Billingham,nbillinghamip@elegantthemes.com,Male,151.192.228.178
675,Fabio,Leverton,flevertoniq@tamu.edu,Polygender,122.114.226.40
676,Burch,Posvner,bposvnerir@yahoo.com,Male,93.161.196.165
677,Kennedy,Anthonsen,kanthonsenis@imdb.com,Male,245.255.80.220
678,Loutitia,Scirman,lscirmanit@prlog.org,Female,17.120.0.76
679,Debera,Plimmer,dplimmeriu@un.org,Female,160.182.19.42
680,Kristian,Stanman,kstanmaniv@amazon.co.uk,Male,243.131.55.55
681,Geoffrey,Lydford,glydfordiw@zimbio.com,Male,44.99.123.127
682,Roosevelt,Crosen,rcrosenix@joomla.org,Male,189.103.231.5
683,Ula,Hadrill,uhadrilliy@unicef.org,Polygender,163.124.103.156
684,Kahaleel,Raphael,kraphaeliz@uiuc.edu,Male,120.168.19.173
685,Banky,Tebbett,btebbettj0@xinhuanet.com,Male,186.123.37.200
686,Orson,Cleatherow,ocleatherowj1@parallels.com,Male,23.78.65.54
687,Phillida,Luker,plukerj2@typepad.com,Female,192.156.200.28
688,Osbourne,Burril,oburrilj3@so-net.ne.jp,Genderfluid,151.42.201.250
689,Wileen,Raybould,wraybouldj4@reverbnation.com,Female,84.114.139.13
690,Derril,Mordin,dmordinj5@mysql.com,Male,194.131.136.138
691,Hillary,Huthart,hhuthartj6@youtu.be,Female,73.232.250.214
692,Chandal,Lough,cloughj7@google.cn,Female,75.151.223.101
693,Thornie,Tommeo,ttommeoj8@forbes.com,Male,225.36.252.47
694,Rogerio,Danihelka,rdanihelkaj9@squarespace.com,Male,4.141.219.245
695,Marius,McGlade,mmcgladeja@pagesperso-orange.fr,Male,80.156.171.242
696,Teodor,Meritt,tmerittjb@forbes.com,Male,183.220.174.206
697,Dusty,Oleksinski,doleksinskijc@creativecommons.org,Female,45.150.178.82
698,Oralle,McKinlay,omckinlayjd@fc2.com,Female,55.29.252.7
699,Nonie,Corrison,ncorrisonje@dmoz.org,Female,73.249.223.168
700,Aguistin,Epdell,aepdelljf@ebay.com,Male,167.202.18.128
701,Edin,Curness,ecurnessjg@webnode.com,Female,10.54.109.139
702,Demetris,Burroughes,dburroughesjh@taobao.com,Male,129.216.66.28
703,Titus,Boleyn,tboleynji@intel.com,Male,248.162.82.81
704,Rodolphe,Ivashechkin,rivashechkinjj@rediff.com,Male,137.83.104.141
705,Dorelle,Gillopp,dgilloppjk@seesaa.net,Female,60.200.200.206
706,Persis,Dyka,pdykajl@home.pl,Female,221.187.226.18
707,Oralle,Guilayn,oguilaynjm@nyu.edu,Female,132.3.129.211
708,Mira,Rippon,mripponjn@yahoo.com,Female,91.184.213.11
709,Doe,Massingberd,dmassingberdjo@twitpic.com,Female,63.29.221.24
710,Finlay,Jeffress,fjeffressjp@alibaba.com,Male,159.11.186.210
711,Nanny,Prendiville,nprendivillejq@bluehost.com,Female,79.153.131.112
712,Elroy,Sartain,esartainjr@t.co,Male,193.52.185.233
713,Marthena,Biggerdike,mbiggerdikejs@51.la,Female,186.5.167.144
714,Corbin,Matis,cmatisjt@sakura.ne.jp,Male,5.19.13.92
715,Kissie,Kaspar,kkasparju@delicious.com,Female,121.216.129.158
716,Joelly,Lamboll,jlambolljv@parallels.com,Female,106.224.47.249
717,Barret,Alpin,balpinjw@usatoday.com,Male,223.136.222.107
718,Artemas,Nolder,anolderjx@ucla.edu,Male,187.2.220.231
719,Eldredge,Brooksby,ebrooksbyjy@nifty.com,Male,154.51.88.226
720,Violetta,Stibbs,vstibbsjz@tmall.com,Female,229.98.16.243
721,Chastity,Leguay,cleguayk0@ft.com,Female,96.205.111.138
722,Freeland,Seabrooke,fseabrookek1@people.com.cn,Male,91.122.233.170
723,Ferdinand,Kite,fkitek2@google.nl,Male,42.200.52.172
724,Diandra,Evans,devansk3@joomla.org,Agender,243.11.245.65
725,Barde,Deacon,bdeaconk4@wufoo.com,Male,195.177.192.40
726,Noreen,MacNab,nmacnabk5@google.cn,Female,83.41.52.93
727,Andras,Nunson,anunsonk6@home.pl,Male,207.15.195.177
728,Jess,Giorgetti,jgiorgettik7@mail.ru,Male,195.166.125.237
729,Gannon,Newnham,gnewnhamk8@mtv.com,Male,173.224.241.227
730,Shalom,Simco,ssimcok9@wp.com,Male,129.17.132.170
731,Sapphire,Maggs,smaggska@simplemachines.org,Female,46.210.141.210
732,Eolanda,Havard,ehavardkb@utexas.edu,Female,50.147.237.21
733,Emiline,MacAndrew,emacandrewkc@narod.ru,Female,172.221.59.130
734,Ninetta,Fullick,nfullickkd@dailymail.co.uk,Female,150.121.31.211
735,Barrett,Timmes,btimmeske@unesco.org,Male,59.170.167.191
736,Sayres,Whatling,swhatlingkf@studiopress.com,Male,83.96.101.109
737,Craig,Derell,cderellkg@e-recht24.de,Genderqueer,28.222.66.106
738,Alena,Cay,acaykh@hugedomains.com,Female,3.58.5.29
739,Lacy,Kerfod,lkerfodki@huffingtonpost.com,Female,8.84.188.218
740,Whitman,Caplin,wcaplinkj@usatoday.com,Male,240.236.51.24
741,Stanly,Fuggles,sfuggleskk@posterous.com,Male,98.219.4.66
742,Sorcha,Grunbaum,sgrunbaumkl@t-online.de,Female,210.51.181.113
743,Darice,Preto,dpretokm@umich.edu,Female,179.106.231.172
744,Odessa,Compford,ocompfordkn@printfriendly.com,Female,126.162.82.58
745,Abigael,Buck,abuckko@biblegateway.com,Female,180.90.147.241
746,Raphaela,Robberts,rrobbertskp@vinaora.com,Female,92.96.204.80
747,Kaila,Milbank,kmilbankkq@simplemachines.org,Female,249.105.208.14
748,Cassaundra,Waddell,cwaddellkr@google.com.hk,Female,78.111.117.34
749,Yorker,Castro,ycastroks@zdnet.com,Bigender,83.65.155.1
750,Catherin,Bosanko,cbosankokt@cisco.com,Female,62.163.135.224
751,Antoni,Gheeorghie,agheeorghieku@epa.gov,Male,135.58.81.196
752,Isiahi,Hadny,ihadnykv@google.ca,Male,240.206.161.105
753,Fannie,Ribbens,fribbenskw@pagesperso-orange.fr,Female,39.133.153.158
754,Wilmette,Kingswood,wkingswoodkx@ning.com,Female,6.40.224.114
755,Yetta,Du Barry,ydubarryky@weebly.com,Female,231.4.105.248
756,Napoleon,Litterick,nlitterickkz@patch.com,Male,167.15.189.175
757,Lorita,Kitlee,lkitleel0@sitemeter.com,Female,100.221.206.0
758,Ky,Trahearn,ktrahearnl1@google.de,Male,72.245.120.196
759,Stefa,Greguoli,sgreguolil2@rediff.com,Female,192.246.197.114
760,Duky,Danet,ddanetl3@bing.com,Genderqueer,203.34.104.67
761,Aylmar,Armatys,aarmatysl4@java.com,Male,198.202.253.139
762,Taylor,Babber,tbabberl5@nydailynews.com,Male,253.67.65.216
763,Nanete,Airs,nairsl6@bizjournals.com,Non-binary,74.102.190.117
764,Randy,Himsworth,rhimsworthl7@google.ca,Female,194.45.182.132
765,Charis,Skoof,cskoofl8@symantec.com,Female,88.97.148.1
766,Darell,Kelby,dkelbyl9@themeforest.net,Female,39.187.53.164
767,Farlee,Ridgwell,fridgwellla@ehow.com,Male,21.105.211.16
768,Paulita,Stalman,pstalmanlb@smugmug.com,Female,212.202.8.247
769,Mame,Ianelli,mianellilc@kickstarter.com,Female,157.138.71.166
770,Darrell,Wallbank,dwallbankld@rakuten.co.jp,Male,68.132.114.208
771,Bary,Peck,bpeckle@newyorker.com,Male,68.117.145.91
772,Jacquenetta,Bonallick,jbonallicklf@scientificamerican.com,Female,71.194.27.35
773,Aldric,Shorie,ashorielg@rediff.com,Male,114.79.119.227
774,Borg,Bevington,bbevingtonlh@free.fr,Male,176.192.37.57
775,Marleah,Littlefair,mlittlefairli@reference.com,Female,81.50.177.250
776,Les,Wheildon,lwheildonlj@ftc.gov,Male,189.113.222.60
777,Collie,Cameli,ccamelilk@wikia.com,Female,55.203.207.219
778,Clareta,Piggford,cpiggfordll@hao123.com,Female,60.174.248.15
779,Leena,Cains,lcainslm@wsj.com,Female,141.41.64.66
780,Victoria,Manz,vmanzln@craigslist.org,Genderfluid,23.35.155.34
781,Layla,Alliberton,lallibertonlo@imgur.com,Female,121.106.107.80
782,Grace,Gallemore,ggallemorelp@creativecommons.org,Female,211.58.69.175
783,Griffy,De Filippo,gdefilippolq@ameblo.jp,Male,75.146.251.230
784,Keelia,Knowlson,kknowlsonlr@techcrunch.com,Female,224.229.128.8
785,Shae,Filipic,sfilipicls@irs.gov,Female,249.254.133.225
786,Inness,Flucker,ifluckerlt@elegantthemes.com,Male,94.83.87.137
787,Man,McNally,mmcnallylu@arstechnica.com,Male,122.63.130.216
788,Rufe,Joffe,rjoffelv@dot.gov,Male,196.136.170.133
789,Marietta,Acreman,macremanlw@cdbaby.com,Male,29.208.46.95
790,Garvin,Gilyott,ggilyottlx@diigo.com,Bigender,203.85.246.95
791,Caldwell,Seely,cseelyly@free.fr,Male,45.68.144.116
792,Meghann,Klimt,mklimtlz@live.com,Female,22.235.210.136
793,Madonna,Hymas,mhymasm0@theatlantic.com,Female,135.190.54.63
794,Yalonda,Caso,ycasom1@usnews.com,Non-binary,18.254.222.98
795,Ephraim,Mutimer,emutimerm2@spotify.com,Male,220.68.198.246
796,Augusto,Witard,awitardm3@ehow.com,Male,57.148.178.64
797,Ardelia,Redhouse,aredhousem4@unicef.org,Female,233.28.196.244
798,Cyndia,Benger,cbengerm5@cdbaby.com,Female,129.15.27.28
799,Xylia,Andrag,xandragm6@fastcompany.com,Female,143.34.7.151
800,Thatch,Ferrieres,tferrieresm7@omniture.com,Male,191.15.74.207
801,Micheline,Adamowitz,madamowitzm8@dedecms.com,Female,226.37.107.77
802,Kelsy,Benedikt,kbenediktm9@webnode.com,Female,88.42.135.195
803,Anastassia,Carragher,acarragherma@toplist.cz,Female,32.89.209.141
804,Dyan,Veltman,dveltmanmb@ezinearticles.com,Female,237.218.219.133
805,Elysha,Francescuccio,efrancescucciomc@vistaprint.com,Non-binary,230.216.51.135
806,Murvyn,Radcliffe,mradcliffemd@shinystat.com,Male,182.5.154.179
807,Marybeth,Tarpey,mtarpeyme@parallels.com,Female,217.30.128.236
808,Janela,Geerdts,jgeerdtsmf@whitehouse.gov,Female,233.85.246.176
809,Lutero,Davion,ldavionmg@skype.com,Male,173.5.135.234
810,Isabelle,Houtbie,ihoutbiemh@ustream.tv,Female,17.44.104.73
