id,first_name,last_name,email,gender,ip_address
1,Catlin,Harness,charness0@latimes.com,Female,194.131.185.241
2,Reinwald,Gillean,rgillean1@behance.net,Male,123.8.225.75
3,Grata,Manners,gmanners2@yellowpages.com,Female,169.210.35.57
4,Vallie,Loxley,vloxley3@weather.com,Agender,96.44.90.28
5,Woodrow,Singers,wsingers4@mozilla.com,Male,227.102.247.69
6,Stephanus,Allicock,sallicock5@yellowbook.com,Male,216.18.127.51
7,Any,Castagne,acastagne6@addtoany.com,Male,250.197.63.0
8,Parsifal,Greest,pgreest7@shinystat.com,Male,167.82.60.148
9,Leicester,Worstall,lworstall8@dagondesign.com,Male,156.208.206.86
10,Rae,Loadman,rloadman9@ezinearticles.com,Female,254.150.192.178
11,Cicily,Snodden,csnoddena@ft.com,Female,102.249.20.97
12,Mallissa,Gebhardt,mgebhardtb@ow.ly,Female,189.28.196.201
13,Carly,Acreman,cacremanc@t-online.de,Female,103.239.58.244
14,Murielle,Ormerod,mormerodd@mysql.com,Female,63.219.50.169
15,Leone,Dumingo,ldumingoe@so-net.ne.jp,Polygender,13.147.198.144
16,Marlo,Itzkin,mitzkinf@abc.net.au,Male,113.217.215.226
17,Warden,Comelli,wcomellig@cargocollective.com,Male,67.87.28.17
18,Nadya,Backhurst,nbackhursth@nih.gov,Female,64.143.168.29
19,Rois,Abadam,rabadami@macromedia.com,Female,130.215.165.66
20,Edvard,Lettice,eletticej@ed.gov,Bigender,10.244.37.43
21,Minnaminnie,Wootton,mwoottonk@ameblo.jp,Female,71.153.35.190
22,Clemente,Getcliffe,cgetcliffel@surveymonkey.com,Male,33.172.226.167
23,Leeland,Struttman,lstruttmanm@prnewswire.com,Male,178.177.235.67
24,Davide,Odams,dodamsn@ameblo.jp,Male,54.200.15.143
25,Catharine,Jiles,cjileso@ucoz.ru,Female,247.85.129.153
26,Ruy,Shortall,rshortallp@indiegogo.com,Non-binary,189.153.145.129
27,Carlita,Gisborne,cgisborneq@latimes.com,Genderqueer,58.63.44.160
28,Germaine,Goodrum,ggoodrumr@devhub.com,Male,68.78.178.233
29,Forster,Ledwitch,fledwitchs@nyu.edu,Male,24.240.102.23
30,Merralee,Matuszyk,mmatuszykt@lycos.com,Female,137.222.35.41
31,Francesca,Licciardi,flicciardiu@msu.edu,Female,161.203.128.23
32,Susy,Slane,sslanev@yelp.com,Female,15.64.128.122
33,Garv,Rubartelli,grubartelliw@cmu.edu,Male,235.248.103.176
34,Merlina,Checketts,mcheckettsx@clickbank.net,Female,146.25.14.19
35,Maure,Sumsion,msumsiony@github.io,Bigender,230.103.147.161
36,Hogan,Ahearne,hahearnez@diigo.com,Male,206.190.74.181
37,Nowell,Manchett,nmanchett10@sphinn.com,Male,102.77.206.182
38,Merralee,Sambals,msambals11@about.com,Female,204.37.177.252
39,Finlay,Jolin,fjolin12@fastcompany.com,Agender,254.75.107.74
40,Rockie,Minette,rminette13@indiatimes.com,Male,41.104.96.49
41,Meriel,Bridat,mbridat14@hc360.com,Female,65.84.150.236
42,Delmore,Bucknall,dbucknall15@netlog.com,Male,151.183.30.163
43,Marthena,Pinshon,mpinshon16@stanford.edu,Female,197.103.199.252
44,Rufus,Tale,rtale17@slate.com,Male,99.34.245.176
45,Wang,Tubby,wtubby18@php.net,Male,71.58.32.183
46,Consalve,Donovin,cdonovin19@unesco.org,Male,111.19.162.74
47,Loreen,Bathersby,lbathersby1a@typepad.com,Female,86.31.23.9
48,Bobine,Nolan,bnolan1b@tuttocitta.it,Agender,111.119.72.102
49,Andris,Bengle,abengle1c@bigcartel.com,Bigender,234.2.195.176
50,Kathryn,Driscoll,kdriscoll1d@blogspot.com,Female,136.120.232.54
51,Ardene,De Castri,adecastri1e@wikia.com,Female,0.186.36.136
52,Chrystal,Killimister,ckillimister1f@sfgate.com,Female,208.115.241.195
53,Batsheva,Shawe,bshawe1g@opera.com,Female,228.183.128.140
54,Robenia,Saterthwait,rsaterthwait1h@discovery.com,Female,96.172.11.238
55,Bronson,Towe,btowe1i@wordpress.com,Male,250.178.12.23
56,Shirleen,Snar,ssnar1j@archive.org,Female,43.197.165.7
57,Brendis,McCart,bmccart1k@prnewswire.com,Male,169.223.177.112
58,Lorri,Alman,lalman1l@dailymotion.com,Female,6.167.165.80
59,Erina,Mulvy,emulvy1m@angelfire.com,Female,221.238.172.47
60,Sabra,Hartman,shartman1n@mozilla.org,Female,15.255.31.52
61,Ainslee,Rojel,arojel1o@elpais.com,Female,121.185.255.242
62,Bailie,Blackler,bblackler1p@typepad.com,Non-binary,247.250.237.151
63,Terri,Camili,tcamili1q@bluehost.com,Male,169.92.73.146
64,Buckie,Prendergast,bprendergast1r@i2i.jp,Male,229.129.42.192
65,Lorne,McReedy,lmcreedy1s@marriott.com,Female,181.157.83.109
66,Sonnie,Yearsley,syearsley1t@amazon.co.jp,Male,148.142.247.254
67,Simon,Scrivner,sscrivner1u@hugedomains.com,Male,186.159.12.59
68,Harriett,Faunt,hfaunt1v@google.ru,Female,49.43.10.20
69,Phillis,Garvan,pgarvan1w@tripod.com,Female,3.84.127.216
70,Scott,Rappaport,srappaport1x@skype.com,Male,87.177.249.202
71,Lizbeth,Boyall,lboyall1y@xing.com,Female,230.40.17.209
72,Warde,McSporon,wmcsporon1z@reverbnation.com,Male,245.151.167.135
73,Yvon,Jahnel,yjahnel20@unesco.org,Male,177.51.27.46
74,Ajay,Batting,abatting21@tiny.cc,Female,215.216.218.239
75,Kattie,Lidgard,klidgard22@dailymail.co.uk,Genderqueer,16.135.113.108
76,Willamina,Mackstead,wmackstead23@cloudflare.com,Female,72.45.147.54
77,Elisa,Stonebridge,estonebridge24@liveinternet.ru,Female,202.155.186.118
78,Jedediah,Boulger,jboulger25@blinklist.com,Male,81.2.205.16
79,Trefor,Downie,tdownie26@ustream.tv,Male,138.72.30.157
80,Robenia,Conboy,rconboy27@flickr.com,Female,107.236.75.60
81,Bartolemo,McNelly,bmcnelly28@topsy.com,Male,165.185.151.36
82,Rolph,Santhouse,rsanthouse29@epa.gov,Male,14.122.131.148
83,Lay,Brandoni,lbrandoni2a@arstechnica.com,Male,246.59.143.158
84,Jean,Rase,jrase2b@cnn.com,Genderfluid,202.177.105.44
85,Kaspar,Rase,krase2c@marketwatch.com,Male,17.144.227.190
86,Lana,Beste,lbeste2d@slate.com,Female,118.101.40.98
87,Erma,Hayward,ehayward2e@paginegialle.it,Female,244.52.6.236
88,Angelique,Truckett,atruckett2f@scientificamerican.com,Female,203.141.36.18
89,Mariejeanne,Eighteen,meighteen2g@pagesperso-orange.fr,Bigender,1.177.177.13
90,Lucie,Presho,lpresho2h@tripadvisor.com,Female,58.55.187.203
91,Woodie,Ormston,wormston2i@t-online.de,Male,126.172.35.235
92,Syd,Reuss,sreuss2j@goo.ne.jp,Genderfluid,51.126.232.93
93,Giorgia,Oene,goene2k@csmonitor.com,Female,153.227.114.216
94,Husain,Treamayne,htreamayne2l@upenn.edu,Male,193.165.149.160
95,Faina,Brayson,fbrayson2m@cocolog-nifty.com,Female,71.144.55.246
96,Juieta,Bonson,jbonson2n@mayoclinic.com,Female,248.193.229.78
97,Michal,Sowrey,msowrey2o@drupal.org,Female,167.79.194.91
98,Bellina,Defries,bdefries2p@mac.com,Female,223.40.84.219
99,Normie,Hambers,nhambers2q@cafepress.com,Male,107.31.36.220
100,Elana,Suarez,esuarez2r@marriott.com,Female,122.229.245.56
101,Agnella,Northcliffe,anorthcliffe2s@uol.com.br,Bigender,118.104.101.214
102,Ulric,Mangenot,umangenot2t@soup.io,Male,228.171.35.65
103,Muffin,Stanbra,mstanbra2u@blogtalkradio.com,Male,68.84.161.215
104,Wade,Gallymore,wgallymore2v@apache.org,Male,74.154.4.250
105,Gardiner,MacAskill,gmacaskill2w@spotify.com,Male,143.132.36.4
106,Llywellyn,Efford,lefford2x@baidu.com,Non-binary,194.201.157.152
107,Todd,McKennan,tmckennan2y@buzzfeed.com,Male,98.133.51.111
108,Janaye,Hillyatt,jhillyatt2z@who.int,Female,222.65.15.106
109,Anders,Langelay,alangelay30@bloglovin.com,Male,7.13.151.81
110,Dukie,Jenkerson,djenkerson31@parallels.com,Male,189.193.16.191
111,Dilly,Baybutt,dbaybutt32@t-online.de,Male,5.112.218.39
112,Brocky,Braundt,bbraundt33@google.nl,Male,171.119.139.25
113,Dawna,Jephcote,djephcote34@ftc.gov,Female,248.243.45.175
114,Wyndham,Gorke,wgorke35@redcross.org,Male,158.235.91.135
115,Nero,Garbutt,ngarbutt36@walmart.com,Male,87.185.40.180
116,Gwynne,Leet,gleet37@yelp.com,Female,214.155.129.6
117,Karlen,Shann,kshann38@icq.com,Female,184.190.214.119
118,Ranique,Follitt,rfollitt39@house.gov,Female,139.85.136.212
119,Jelene,Amberg,jamberg3a@wunderground.com,Female,232.160.35.142
120,Gal,Crottagh,gcrottagh3b@issuu.com,Male,40.79.131.20
121,Courtnay,Diss,cdiss3c@gizmodo.com,Male,215.99.187.107
122,Albertine,Chiese,achiese3d@go.com,Female,105.204.133.63
123,Brander,Kusick,bkusick3e@deviantart.com,Male,16.26.89.123
124,Frederique,Paolillo,fpaolillo3f@seesaa.net,Female,222.113.104.94
125,Fara,Manske,fmanske3g@ehow.com,Female,8.131.1.6
126,Gar,Juppe,gjuppe3h@ezinearticles.com,Male,187.240.222.251
127,Odie,Evison,oevison3i@fastcompany.com,Male,129.89.118.201
128,Karlene,McGinnis,kmcginnis3j@reverbnation.com,Female,85.216.194.124
129,Raynor,Penright,rpenright3k@forbes.com,Male,247.51.214.23
130,Malcolm,Okill,mokill3l@free.fr,Male,74.98.136.111
131,Hedda,Silk,hsilk3m@ameblo.jp,Female,64.19.226.3
132,Granville,Tithecott,gtithecott3n@chron.com,Male,214.161.20.181
133,Eloisa,Moehle,emoehle3o@statcounter.com,Female,19.15.148.225
134,Isabel,Pimblott,ipimblott3p@dropbox.com,Female,172.209.171.91
135,Massimiliano,Lambotin,mlambotin3q@who.int,Male,165.83.1.121
136,Petronilla,Brothwell,pbrothwell3r@edublogs.org,Non-binary,127.140.142.39
137,Freemon,Veneur,fveneur3s@woothemes.com,Male,190.147.22.114
138,Guendolen,Titterton,gtitterton3t@istockphoto.com,Genderfluid,44.249.248.188
139,See,Ratnege,sratnege3u@tumblr.com,Male,72.219.147.15
140,Eduard,Batstone,ebatstone3v@elegantthemes.com,Male,36.61.187.189
141,Carmelle,Leachman,cleachman3w@netlog.com,Female,154.29.126.139
142,Dalt,Folli,dfolli3x@oracle.com,Male,105.77.216.65
143,Frasier,Penwarden,fpenwarden3y@scientificamerican.com,Male,8.11.216.137
144,Osgood,Fosdike,ofosdike3z@craigslist.org,Non-binary,152.185.212.147
145,Sarita,MacGaughey,smacgaughey40@house.gov,Female,108.134.31.99
146,Jeannie,Ravenshaw,jravenshaw41@google.it,Bigender,54.164.17.91
147,Brigid,Unsworth,bunsworth42@uiuc.edu,Female,18.160.115.179
148,Skyler,Hovenden,shovenden43@wordpress.org,Male,182.204.94.211
149,Cami,Bolzen,cbolzen44@rakuten.co.jp,Female,61.95.5.12
150,Binky,Hambric,bhambric45@bloglines.com,Male,132.87.160.16
151,Giraud,Allison,gallison46@acquirethisname.com,Male,73.88.68.74
152,Rivi,Tozer,rtozer47@mail.ru,Female,156.170.10.39
153,Camey,Rockhall,crockhall48@google.es,Bigender,114.10.30.248
154,Salomo,Mager,smager49@wired.com,Bigender,119.122.10.213
155,Trixi,Sharphurst,tsharphurst4a@wikimedia.org,Female,169.132.222.251
156,Tomaso,Terne,tterne4b@quantcast.com,Bigender,219.185.240.236
157,Evelyn,Lowman,elowman4c@bluehost.com,Male,67.5.203.222
158,Tansy,Forlonge,tforlonge4d@howstuffworks.com,Female,130.160.158.83
159,Jessie,Sympson,jsympson4e@geocities.jp,Male,121.166.221.141
160,Verene,Quilligan,vquilligan4f@alibaba.com,Female,57.114.129.9
161,Augusto,Swiffen,aswiffen4g@phpbb.com,Male,87.79.53.43
162,Ximenes,Gorrissen,xgorrissen4h@github.io,Male,246.11.99.239
163,Carlyn,Liver,cliver4i@usa.gov,Agender,54.18.246.147
164,Jori,Walklot,jwalklot4j@mozilla.org,Female,179.249.215.128
165,Cybil,Kelemen,ckelemen4k@ft.com,Polygender,228.179.121.123
166,Quincy,Archbutt,qarchbutt4l@archive.org,Male,153.234.91.117
167,Barny,Philpots,bphilpots4m@icio.us,Male,222.237.3.78
168,Wayne,Apps,wapps4n@weibo.com,Male,251.111.132.241
169,Dody,Devlin,ddevlin4o@ucla.edu,Female,111.253.127.219
170,Mersey,Pollitt,mpollitt4p@blog.com,Female,47.65.51.110
171,Patricio,Mecchi,pmecchi4q@lycos.com,Male,76.46.45.147
172,Bonnee,Dirkin,bdirkin4r@auda.org.au,Female,86.105.27.108
173,Evanne,Willshaw,ewillshaw4s@admin.ch,Female,158.16.146.175
174,Dorie,Reuter,dreuter4t@mysql.com,Male,94.246.188.117
175,Eloisa,Chance,echance4u@yahoo.com,Female,34.219.101.194
176,Rhys,Jolly,rjolly4v@wired.com,Male,37.101.89.201
177,Norris,Rosenkranc,nrosenkranc4w@theguardian.com,Male,129.70.147.127
178,Ingelbert,Mc Coughan,imccoughan4x@admin.ch,Male,83.206.246.219
179,Brook,Doers,bdoers4y@europa.eu,Male,17.217.21.166
180,Israel,Sollam,isollam4z@macromedia.com,Male,11.253.107.94
181,Ellene,Haws,ehaws50@reverbnation.com,Female,79.141.190.31
182,Jesselyn,Jorez,jjorez51@forbes.com,Female,152.135.103.135
183,Miguel,Nend,mnend52@prweb.com,Male,196.92.226.199
184,Paddy,Effnert,peffnert53@nature.com,Male,245.209.35.7
185,Niles,Matschoss,nmatschoss54@de.vu,Male,110.48.181.60
186,Corrinne,Yetts,cyetts55@yellowpages.com,Female,25.97.45.75
187,Cyndy,Taylder,ctaylder56@blogspot.com,Female,114.11.28.101
188,Allard,Wakeley,awakeley57@boston.com,Male,186.225.224.233
189,Nolana,Avent,navent58@odnoklassniki.ru,Female,249.33.122.94
190,Krishna,Edmund,kedmund59@reddit.com,Male,206.166.13.195
191,Ode,McTeer,omcteer5a@nbcnews.com,Male,143.122.58.48
192,Averill,Hinchcliffe,ahinchcliffe5b@cyberchimps.com,Male,177.129.141.91
193,Lenard,Bowers,lbowers5c@weibo.com,Male,60.68.252.137
194,Cristine,Lambricht,clambricht5d@nyu.edu,Female,179.208.82.245
195,Will,Ritch,writch5e@amazon.de,Male,169.149.112.160
196,Pincus,Graveston,pgraveston5f@washington.edu,Male,198.166.186.177
197,Carree,Rymill,crymill5g@bloglovin.com,Female,85.9.203.158
198,Connie,Outerbridge,couterbridge5h@dailymotion.com,Female,52.150.142.205
199,Titos,Lente,tlente5i@instagram.com,Male,49.12.130.236
200,Arlan,Cregin,acregin5j@jiathis.com,Male,140.123.114.182
201,Gabriele,Augar,gaugar5k@scribd.com,Male,219.35.40.67
202,Baxter,Bartke,bbartke5l@gizmodo.com,Male,152.46.252.235
203,Bendite,Shee,bshee5m@economist.com,Female,185.120.157.237
204,Alvin,Boote,aboote5n@skype.com,Non-binary,222.94.161.230
205,Nissy,Hylden,nhylden5o@usgs.gov,Female,135.95.69.23
206,Jaquith,Mustin,jmustin5p@usatoday.com,Female,143.186.43.192
207,Danell,Le Grice,dlegrice5q@senate.gov,Female,83.200.114.95
208,Ardella,Lage,alage5r@alexa.com,Female,48.139.232.186
209,Louie,Paternoster,lpaternoster5s@aboutads.info,Male,148.133.244.189
210,Earlie,Alflatt,ealflatt5t@deviantart.com,Male,81.248.255.175
211,Tiffie,Etock,tetock5u@tinypic.com,Female,145.185.250.231
212,Corny,Buckmaster,cbuckmaster5v@sfgate.com,Male,226.185.169.55
213,Legra,Laurens,llaurens5w@privacy.gov.au,Female,58.134.93.17
214,Reeba,Rablan,rrablan5x@google.ca,Female,41.82.62.253
215,Holden,Towsey,htowsey5y@state.tx.us,Male,28.155.174.168
216,Nananne,Down,ndown5z@nsw.gov.au,Genderqueer,83.225.49.30
217,Hailey,Hakewell,hhakewell60@yolasite.com,Male,49.114.73.180
218,Abagael,Loudon,aloudon61@last.fm,Female,254.22.201.115
219,Susette,Murby,smurby62@oaic.gov.au,Female,115.48.83.60
220,Celie,Berthe,cberthe63@blogs.com,Female,209.231.31.209
221,Marnia,Van Daalen,mvandaalen64@fc2.com,Female,103.186.27.42
222,Joelly,Tardiff,jtardiff65@va.gov,Female,100.101.211.255
223,Clareta,Rolls,crolls66@reverbnation.com,Female,45.90.48.52
224,Alano,Guthrie,aguthrie67@diigo.com,Male,193.81.238.175
225,Saree,Geekie,sgeekie68@so-net.ne.jp,Female,78.77.221.96
226,Bud,Eltone,beltone69@cyberchimps.com,Male,62.125.206.206
227,Yorgo,Quartermaine,yquartermaine6a@netlog.com,Male,233.235.94.238
228,Thorstein,Monument,tmonument6b@newsvine.com,Male,214.139.7.62
229,Belicia,Maberley,bmaberley6c@hatena.ne.jp,Female,155.116.232.66
230,Carree,De Cruce,cdecruce6d@last.fm,Female,78.171.76.158
231,Ursala,Ridler,uridler6e@seesaa.net,Female,157.154.74.149
232,Zaria,Linford,zlinford6f@cargocollective.com,Female,246.114.96.9
233,Ellery,Legon,elegon6g@flickr.com,Male,107.186.102.35
234,Lyn,Botha,lbotha6h@prlog.org,Male,122.188.123.195
235,Hesther,Synder,hsynder6i@opera.com,Female,207.50.33.123
236,Ezekiel,Easterby,eeasterby6j@mysql.com,Male,139.111.247.18
237,Shawn,McKernan,smckernan6k@weebly.com,Male,71.245.128.209
238,Rahal,Fenck,rfenck6l@google.com.hk,Female,156.188.149.140
239,Tansy,Kitchiner,tkitchiner6m@independent.co.uk,Female,44.13.127.114
240,Penny,Blofeld,pblofeld6n@about.com,Female,91.135.136.14
241,Jody,Easterfield,jeasterfield6o@cnet.com,Male,23.236.150.25
242,Buffy,Wollen,bwollen6p@liveinternet.ru,Bigender,225.236.181.133
243,Griselda,Aleixo,galeixo6q@pcworld.com,Female,60.145.89.225
244,Biddie,Robus,brobus6r@disqus.com,Female,26.155.66.174
245,Germana,Fader,gfader6s@time.com,Female,130.85.119.89
246,Merrili,Duny,mduny6t@lulu.com,Polygender,20.192.242.169
247,Aldric,Gaythor,agaythor6u@cyberchimps.com,Male,42.103.155.165
248,Morse,Liddall,mliddall6v@cafepress.com,Male,46.46.54.179
249,Tootsie,Warbeys,twarbeys6w@pagesperso-orange.fr,Female,239.241.29.78
250,Lyndell,Fontelles,lfontelles6x@360.cn,Female,48.169.148.191
251,Gannon,Gribben,ggribben6y@marketwatch.com,Male,167.164.5.113
252,Emmet,Lachaize,elachaize6z@pbs.org,Male,180.4.28.53
253,Minor,Hambling,mhambling70@shareasale.com,Male,36.188.64.61
254,Hinze,Moncaster,hmoncaster71@mashable.com,Male,83.244.91.66
255,Orsola,Blanchette,oblanchette72@hostgator.com,Female,82.174.117.124
256,Pen,McKague,pmckague73@europa.eu,Male,11.117.225.112
257,Collen,Tomaszewski,ctomaszewski74@pen.io,Female,57.85.56.249
258,Leona,Woolley,lwoolley75@phpbb.com,Female,163.13.147.234
259,Fredrick,Bonnick,fbonnick76@discovery.com,Male,201.155.204.171
260,Daphna,Bedbury,dbedbury77@skyrock.com,Female,233.55.51.236
261,Kort,Jeskin,kjeskin78@feedburner.com,Male,173.238.137.28
262,Minna,Quilligan,mquilligan79@hostgator.com,Female,19.238.54.33
263,Kris,Tabb,ktabb7a@ca.gov,Genderqueer,71.203.172.214
264,Conrad,Isaacson,cisaacson7b@reddit.com,Male,134.141.85.103
265,Olenolin,Bench,obench7c@devhub.com,Male,109.132.2.197
266,Teodorico,Woodthorpe,twoodthorpe7d@examiner.com,Male,238.185.124.211
267,Binnie,Keers,bkeers7e@eventbrite.com,Female,53.30.72.158
268,Lindsey,Goodspeed,lgoodspeed7f@google.ru,Male,63.188.43.96
269,Eddy,McDonagh,emcdonagh7g@github.io,Male,125.172.113.160
270,Susanetta,Stanyer,sstanyer7h@bluehost.com,Female,32.136.223.135
271,Cherin,Ragge,cragge7i@stumbleupon.com,Female,121.70.155.110
272,Ana,Yeatman,ayeatman7j@washington.edu,Female,38.3.153.183
273,Violet,Aleksankin,valeksankin7k@sourceforge.net,Female,160.201.56.162
274,Rosella,Gemlbett,rgemlbett7l@wunderground.com,Female,40.197.155.88
275,Lindsay,St Ange,lstange7m@latimes.com,Female,118.203.74.211
276,Annnora,Rothera,arothera7n@pagesperso-orange.fr,Female,67.6.18.245
277,Peyton,Yitzowitz,pyitzowitz7o@meetup.com,Male,151.9.242.83
278,Esme,Crumb,ecrumb7p@zimbio.com,Male,44.80.217.254
279,Donetta,McRonald,dmcronald7q@adobe.com,Female,59.183.15.167
280,Muffin,McLugaish,mmclugaish7r@unblog.fr,Male,238.218.9.115
281,Janean,Canaan,jcanaan7s@rakuten.co.jp,Female,191.176.72.139
282,Mychal,Surmeir,msurmeir7t@qq.com,Male,73.178.62.155
283,Phil,Strowther,pstrowther7u@cyberchimps.com,Male,164.42.67.14
284,Brantley,Pickles,bpickles7v@princeton.edu,Male,114.55.212.251
285,Red,Wasbey,rwasbey7w@rediff.com,Agender,167.160.117.21
286,Galven,Dutnall,gdutnall7x@cloudflare.com,Male,95.61.214.177
287,Bartel,Newlin,bnewlin7y@etsy.com,Non-binary,219.114.87.17
288,Adelina,Hunter,ahunter7z@wired.com,Female,92.106.84.178
289,Perl,MacClay,pmacclay80@php.net,Female,189.93.1.201
290,Alic,Paler,apaler81@nymag.com,Male,237.153.188.193
291,Kim,Corssen,kcorssen82@wordpress.org,Female,196.3.44.152
292,Birdie,Haselgrove,bhaselgrove83@over-blog.com,Female,65.116.240.20
293,Haskel,Fursey,hfursey84@homestead.com,Genderfluid,119.152.117.200
294,Nikola,Gasperi,ngasperi85@digg.com,Male,142.131.61.245
295,Darice,McVicker,dmcvicker86@bizjournals.com,Female,32.51.54.34
296,Austin,Scupham,ascupham87@buzzfeed.com,Female,137.207.237.23
297,Carlo,Howels,chowels88@mit.edu,Male,154.237.70.67
298,Tobie,Hentze,thentze89@mysql.com,Male,73.68.135.217
299,Tod,Hazeldean,thazeldean8a@tripadvisor.com,Male,112.172.158.58
300,Jonah,Eliesco,jeliesco8b@ted.com,Male,219.183.58.38
301,Angil,Lifton,alifton8c@msn.com,Genderqueer,102.42.182.53
302,Dorothee,Slopier,dslopier8d@aboutads.info,Female,35.53.208.218
303,Angus,Chidwick,achidwick8e@nsw.gov.au,Male,240.223.210.49
304,Constantine,Roblin,croblin8f@cdc.gov,Male,150.19.102.12
305,Maribelle,Broggelli,mbroggelli8g@psu.edu,Female,243.70.108.109
306,Maridel,Schwanden,mschwanden8h@blogger.com,Female,103.249.33.133
307,Diena,Domleo,ddomleo8i@cafepress.com,Female,254.100.237.73
308,Lloyd,Marquez,lmarquez8j@vkontakte.ru,Male,7.22.66.20
309,Deloris,McIlvoray,dmcilvoray8k@spotify.com,Female,9.99.213.96
310,Chiquia,Force,cforce8l@ucsd.edu,Female,125.186.153.220
311,Barry,Michal,bmichal8m@facebook.com,Female,241.251.224.100
312,Salomo,Nazer,snazer8n@edublogs.org,Male,121.159.151.221
313,Jacenta,Phalip,jphalip8o@china.com.cn,Female,51.43.73.98
314,Morlee,Hamblington,mhamblington8p@about.com,Male,166.225.24.102
315,Web,Sholl,wsholl8q@mediafire.com,Male,64.161.77.121
316,Osbourne,McMackin,omcmackin8r@comcast.net,Male,173.130.242.144
317,Bria,Bentick,bbentick8s@hubpages.com,Female,223.15.17.52
318,Rusty,Paggitt,rpaggitt8t@a8.net,Male,135.118.241.153
319,Mead,Steffan,msteffan8u@studiopress.com,Male,10.238.172.47
320,Karleen,Kirton,kkirton8v@yahoo.co.jp,Female,38.96.52.45
321,Reamonn,Renihan,rrenihan8w@cam.ac.uk,Male,12.143.122.58
322,Celestyna,Aitken,caitken8x@usa.gov,Female,53.89.111.223
323,Lilias,Dearan,ldearan8y@over-blog.com,Female,184.135.248.23
324,Carla,Hewertson,chewertson8z@oracle.com,Female,84.128.106.16
325,Reamonn,Mozzi,rmozzi90@furl.net,Male,8.198.72.3
326,Pepillo,Treweek,ptreweek91@networkadvertising.org,Male,150.243.22.99
327,Yardley,Brotherhed,ybrotherhed92@ning.com,Male,75.80.164.135
328,Leilah,Samwaye,lsamwaye93@shutterfly.com,Female,238.172.116.35
329,Hort,Crouse,hcrouse94@yandex.ru,Male,52.14.182.101
330,Helenelizabeth,Kerswell,hkerswell95@sciencedaily.com,Female,71.185.192.12
331,Quinton,Simunek,qsimunek96@blogtalkradio.com,Male,165.85.161.233
332,Nikolai,Crosskell,ncrosskell97@si.edu,Male,111.158.27.175
333,Allina,Spikings,aspikings98@aol.com,Female,133.26.100.219
334,Brenden,Carik,bcarik99@ycombinator.com,Male,147.175.165.18
335,Lilia,Feary,lfeary9a@hugedomains.com,Female,92.129.255.1
336,Gerry,McOnie,gmconie9b@dailymotion.com,Female,200.94.239.156
337,Steward,Kearley,skearley9c@japanpost.jp,Male,2.134.245.102
338,Ward,Di Francecshi,wdifrancecshi9d@domainmarket.com,Male,165.180.81.11
339,Kirbie,Yeates,kyeates9e@prweb.com,Female,74.174.227.70
340,Evelin,Kembley,ekembley9f@ucla.edu,Male,176.159.93.74
341,Darsie,Gyppes,dgyppes9g@uol.com.br,Female,247.115.22.2
342,Howard,Mounsey,hmounsey9h@printfriendly.com,Male,210.180.212.201
343,Shanie,Dunbleton,sdunbleton9i@geocities.jp,Female,49.84.3.170
344,Jeri,Tassell,jtassell9j@t-online.de,Female,21.99.161.249
345,Arabel,Loftus,aloftus9k@weather.com,Female,197.14.168.59
346,Tommie,De Vaan,tdevaan9l@samsung.com,Male,34.103.184.126
347,Micah,Vernham,mvernham9m@ted.com,Male,251.96.31.231
348,Danica,Hemshall,dhemshall9n@webs.com,Female,136.148.12.248
349,Roi,Auty,rauty9o@cbc.ca,Male,91.97.148.38
350,Gillie,Colicot,gcolicot9p@google.it,Female,240.201.248.101
351,Katya,Kernar,kkernar9q@marriott.com,Female,28.154.46.1
352,Bernete,Stacy,bstacy9r@blog.com,Female,229.202.107.104
353,Aubrette,Cobain,acobain9s@blogtalkradio.com,Female,254.110.101.86
354,Prissie,Daud,pdaud9t@nationalgeographic.com,Agender,113.240.108.234
355,Norry,Cuniffe,ncuniffe9u@foxnews.com,Male,32.10.33.30
356,Nydia,Schult,nschult9v@vinaora.com,Female,196.25.16.205
357,Julissa,Ferrers,jferrers9w@paypal.com,Female,203.136.24.140
358,Kleon,Neesham,kneesham9x@berkeley.edu,Male,38.46.13.137
359,Griffin,Brokenshaw,gbrokenshaw9y@marketwatch.com,Male,62.188.125.66
360,Frazer,Copo,fcopo9z@tmall.com,Bigender,64.58.239.21
361,Dre,Fishby,dfishbya0@cloudflare.com,Female,247.120.29.186
362,Alexandr,Halwell,ahalwella1@ovh.net,Male,128.240.183.128
363,Alden,Overy,aoverya2@bing.com,Male,241.251.9.27
364,Morganne,Tritton,mtrittona3@usgs.gov,Female,52.119.155.192
365,Webb,Francello,wfrancelloa4@facebook.com,Male,157.135.16.240
366,Ash,Duprey,adupreya5@samsung.com,Male,50.175.150.134
367,Jarad,Clampin,jclampina6@aol.com,Male,166.7.140.107
368,Burnaby,Moston,bmostona7@ask.com,Male,136.231.183.108
369,Sandie,Heffron,sheffrona8@blogtalkradio.com,Female,164.145.229.198
370,Fredrick,Webling,fweblinga9@newyorker.com,Male,135.171.198.168
371,Aindrea,McTeer,amcteeraa@deliciousdays.com,Female,67.32.207.122
372,Stirling,Hare,shareab@istockphoto.com,Male,25.214.101.158
373,Anselm,Ackrill,aackrillac@nationalgeographic.com,Male,177.253.119.192
374,Sigfrid,Phythien,sphythienad@prweb.com,Male,172.84.127.244
375,Karry,Bradane,kbradaneae@ning.com,Bigender,6.58.5.181
376,Donovan,Gladtbach,dgladtbachaf@theguardian.com,Male,130.121.42.31
377,Fidela,Goodwin,fgoodwinag@mail.ru,Genderfluid,63.244.57.75
378,Jacquie,De Meis,jdemeisah@cocolog-nifty.com,Female,79.227.157.4
379,Druci,Nettles,dnettlesai@diigo.com,Non-binary,59.27.246.128
380,Trstram,Autrie,tautrieaj@g.co,Male,244.48.5.187
381,Donni,Edmonson,dedmonsonak@exblog.jp,Genderfluid,44.215.86.48
382,Jerrie,Hoyes,jhoyesal@ifeng.com,Male,155.17.123.231
383,Collete,Godart,cgodartam@flavors.me,Female,58.1.227.198
384,Hollyanne,Silversmid,hsilversmidan@thetimes.co.uk,Female,170.197.246.80
385,Cherry,Pardey,cpardeyao@mlb.com,Female,167.23.107.132
386,Hailey,Siviour,hsiviourap@dot.gov,Male,248.98.198.224
387,Constancia,Keling,ckelingaq@imgur.com,Female,232.146.195.177
388,Ddene,Dugall,ddugallar@sitemeter.com,Female,255.173.32.114
389,Venus,Mayer,vmayeras@salon.com,Female,64.28.89.125
390,Beau,Shakelade,bshakeladeat@washingtonpost.com,Male,184.244.235.88
391,Pebrook,Ovesen,povesenau@sfgate.com,Male,195.255.137.223
392,Andrei,Connal,aconnalav@columbia.edu,Female,251.59.34.160
393,Florence,Melsome,fmelsomeaw@joomla.org,Female,209.134.70.144
394,Teri,Stode,tstodeax@harvard.edu,Female,91.174.255.211
395,Ileane,Jacobsohn,ijacobsohnay@technorati.com,Female,79.115.194.199
396,Faun,Minard,fminardaz@examiner.com,Female,162.252.171.59
397,Brant,Ateridge,bateridgeb0@addthis.com,Genderfluid,193.243.143.253
398,Ebenezer,Wherton,ewhertonb1@wordpress.com,Male,233.47.113.195
399,Jeff,Collingridge,jcollingridgeb2@tripadvisor.com,Male,8.92.160.27
400,Wakefield,Grogono,wgrogonob3@youku.com,Male,152.38.111.174
401,Calvin,Foy,cfoyb4@jalbum.net,Male,33.18.56.242
402,Maurise,Slemmonds,mslemmondsb5@dedecms.com,Male,189.176.33.24
403,Jaime,Quail,jquailb6@oaic.gov.au,Male,241.119.27.144
404,Dulcine,Nuscha,dnuschab7@squidoo.com,Female,81.157.152.74
405,Ki,Outerbridge,kouterbridgeb8@elpais.com,Female,145.77.73.33
406,Elmore,Scaysbrook,escaysbrookb9@domainmarket.com,Male,213.130.207.213
407,Kathryne,Grist,kgristba@wix.com,Female,106.49.43.34
408,Rayner,Feldmark,rfeldmarkbb@pagesperso-orange.fr,Male,14.2.2.210
409,Christal,Witling,cwitlingbc@seesaa.net,Female,57.220.147.157
410,Vyky,Senussi,vsenussibd@sogou.com,Female,53.135.252.233
411,Jonathan,Currell,jcurrellbe@diigo.com,Male,45.192.247.198
412,Claire,De Andreis,cdeandreisbf@upenn.edu,Female,202.77.194.246
413,Saul,Rean,sreanbg@apache.org,Male,131.245.118.180
414,Micheal,Keelan,mkeelanbh@newyorker.com,Male,104.11.239.202
415,Vera,Deeprose,vdeeprosebi@howstuffworks.com,Female,5.101.176.138
416,Juline,Konert,jkonertbj@spotify.com,Female,53.40.101.90
417,Coletta,McKerlie,cmckerliebk@seattletimes.com,Female,19.164.56.186
418,Lyman,Daintith,ldaintithbl@indiatimes.com,Male,213.228.237.176
419,Rodrick,Dominichelli,rdominichellibm@de.vu,Male,136.52.208.25
420,Cindi,Saiger,csaigerbn@cornell.edu,Female,48.41.162.204
421,Cecile,Clemerson,cclemersonbo@infoseek.co.jp,Female,104.238.35.194
422,Maggi,Roper,mroperbp@examiner.com,Female,211.87.87.199
423,Delinda,Halsworth,dhalsworthbq@uol.com.br,Female,121.65.121.192
424,Jareb,Anchor,janchorbr@hao123.com,Male,247.194.76.49
425,Hilarius,Brodbin,hbrodbinbs@elpais.com,Male,164.22.242.248
426,Parrnell,Count,pcountbt@theatlantic.com,Genderfluid,71.214.232.156
427,Graham,Pluvier,gpluvierbu@virginia.edu,Genderfluid,138.255.236.126
428,Eduardo,Dale,edalebv@tinyurl.com,Male,126.50.149.129
429,Minta,Norsister,mnorsisterbw@mail.ru,Female,87.177.18.62
430,Conny,McKevany,cmckevanybx@arstechnica.com,Female,205.181.124.102
431,Brynna,Whitecross,bwhitecrossby@vistaprint.com,Genderqueer,77.5.191.73
432,Wynne,Youster,wyousterbz@free.fr,Female,71.10.85.47
433,Ewan,Henriques,ehenriquesc0@histats.com,Male,109.133.191.90
434,Renelle,Podmore,rpodmorec1@gravatar.com,Female,97.242.78.4
435,Henrietta,Hellier,hhellierc2@youtu.be,Female,101.208.13.96
436,Buck,Mazzilli,bmazzillic3@acquirethisname.com,Male,66.235.158.225
437,Theodoric,Windsor,twindsorc4@shutterfly.com,Male,12.167.183.93
438,Carly,Gay,cgayc5@printfriendly.com,Male,253.246.74.99
439,Bethanne,Corro,bcorroc6@nps.gov,Female,18.48.221.85
440,Tova,Tixier,ttixierc7@usda.gov,Female,126.138.216.129
441,Vallie,Hulstrom,vhulstromc8@flavors.me,Female,115.236.124.104
442,Kristoffer,Loosley,kloosleyc9@washington.edu,Male,3.34.188.208
443,Sharia,Leal,slealca@123-reg.co.uk,Female,126.186.208.70
444,Emmy,McGahy,emcgahycb@storify.com,Female,169.235.101.149
445,Izabel,Dand,idandcc@xrea.com,Female,1.155.160.94
446,Andrea,Stellman,astellmancd@jalbum.net,Male,47.59.201.87
447,Henrik,Claworth,hclaworthce@whitehouse.gov,Male,69.161.184.179
448,Clayborn,Eckford,ceckfordcf@kickstarter.com,Male,155.196.219.124
449,Morry,Yantsurev,myantsurevcg@phpbb.com,Male,127.178.240.209
450,Star,Wheeldon,swheeldonch@google.com,Female,141.84.10.105
451,Normand,Heatley,nheatleyci@dailymail.co.uk,Male,125.59.208.238
452,Sharleen,Newgrosh,snewgroshcj@oakley.com,Female,202.177.220.247
453,Antonino,Crain,acrainck@canalblog.com,Male,133.250.8.77
454,Elle,Sheardown,esheardowncl@phpbb.com,Female,219.143.94.8
455,Skipp,Tippings,stippingscm@craigslist.org,Male,124.130.213.113
456,Milt,Ovize,movizecn@imgur.com,Male,21.144.95.228
457,Belva,Newns,bnewnsco@wiley.com,Female,188.85.177.222
458,Verne,Dunnan,vdunnancp@umich.edu,Male,57.76.109.196
459,Hollyanne,Guerin,hguerincq@ox.ac.uk,Female,168.41.187.161
460,Deana,Dooman,ddoomancr@friendfeed.com,Female,31.124.126.38
461,Opalina,Clogg,ocloggcs@naver.com,Female,66.103.83.104
462,Arlina,Bartaletti,abartalettict@gov.uk,Genderfluid,39.169.225.90
463,Feodora,Smiths,fsmithscu@redcross.org,Female,192.46.111.89
464,Wolfgang,Darwen,wdarwencv@t.co,Bigender,242.235.120.215
465,Jean,Maris,jmariscw@t-online.de,Male,158.30.119.199
466,Kermit,Dacombe,kdacombecx@macromedia.com,Male,0.189.142.160
467,Latisha,Gilkes,lgilkescy@hugedomains.com,Female,121.168.90.169
468,Roshelle,Kinchington,rkinchingtoncz@yale.edu,Female,156.10.111.121
469,Billy,Perview,bperviewd0@pinterest.com,Male,179.205.110.7
470,Clarence,Rumsey,crumseyd1@indiatimes.com,Male,62.30.197.144
471,Cordie,Hassell,chasselld2@tmall.com,Non-binary,222.229.35.199
472,Janenna,Girdwood,jgirdwoodd3@mozilla.org,Female,169.8.81.202
473,Orsola,Testo,otestod4@bravesites.com,Female,19.78.114.128
474,Giacobo,Bracer,gbracerd5@yahoo.com,Male,97.7.195.89
475,Rip,Kitchaside,rkitchasided6@moonfruit.com,Male,200.136.114.176
476,Trumaine,Shilladay,tshilladayd7@usnews.com,Male,146.157.63.230
477,Eilis,Rolance,erolanced8@cnn.com,Female,163.249.162.128
478,Noelle,Piele,npieled9@state.tx.us,Female,148.123.228.154
479,Valina,Redford,vredfordda@marketwatch.com,Female,7.255.36.137
480,Calypso,Weddell,cweddelldb@zimbio.com,Female,9.30.190.37
481,Roosevelt,Phette,rphettedc@opensource.org,Male,38.142.234.216
482,Melosa,Voaden,mvoadendd@dell.com,Female,142.125.175.140
483,Blinni,Clinnick,bclinnickde@yahoo.com,Female,226.88.39.22
484,Corette,Dumingos,cdumingosdf@marriott.com,Female,193.142.175.225
485,Ronnie,Rodolf,rrodolfdg@virginia.edu,Polygender,169.141.223.208
486,Claudie,Cuschieri,ccuschieridh@photobucket.com,Polygender,32.154.48.216
487,Rufus,Geach,rgeachdi@instagram.com,Male,166.239.76.250
488,Job,Shilton,jshiltondj@geocities.com,Genderqueer,132.203.112.118
489,Karlik,Crickmoor,kcrickmoordk@theatlantic.com,Male,109.190.48.93
490,Shaina,Andersson,sanderssondl@google.ru,Female,192.77.121.196
491,Lainey,Windaybank,lwindaybankdm@jigsy.com,Female,243.13.74.51
492,Cully,Colleck,ccolleckdn@cloudflare.com,Male,255.98.76.164
493,Jefferson,Mecchi,jmecchido@jalbum.net,Male,161.122.150.53
494,Lemmie,Ripping,lrippingdp@scribd.com,Male,155.225.98.57
495,Filippo,Linden,flindendq@google.ca,Male,19.72.204.133
496,Amabel,Alu,aaludr@tamu.edu,Genderqueer,192.2.196.192
497,Cherice,Bolton,cboltonds@aboutads.info,Non-binary,229.202.105.212
498,Avram,Anfrey,aanfreydt@github.io,Male,35.204.195.72
499,Isidro,Syne,isynedu@google.fr,Male,235.209.104.47
500,Shanie,Czajkowska,sczajkowskadv@bravesites.com,Female,242.159.97.147
501,Deb,Siggins,dsigginsdw@qq.com,Female,100.162.139.157
502,Giffie,Bartoleyn,gbartoleyndx@mozilla.com,Male,226.217.234.200
503,Roxine,Shiel,rshieldy@cafepress.com,Agender,181.53.54.88
504,Angele,Snepp,asneppdz@imdb.com,Female,185.118.150.53
505,Corny,Jeppensen,cjeppensene0@vimeo.com,Male,151.18.219.224
506,Lizbeth,Benedito,lbeneditoe1@indiegogo.com,Female,20.10.32.79
507,Antons,Drillingcourt,adrillingcourte2@eventbrite.com,Male,133.223.32.78
508,Bonita,Tather,btathere3@about.com,Female,51.52.1.36
509,Waneta,Sawter,wsawtere4@theglobeandmail.com,Female,240.177.146.67
510,Guendolen,Argyle,gargylee5@ocn.ne.jp,Female,13.40.125.29
511,Jamie,Dearden,jdeardene6@themeforest.net,Female,172.228.150.136
512,Agace,Parnell,aparnelle7@edublogs.org,Female,77.171.9.75
513,Sherry,Leech,sleeche8@scribd.com,Female,186.140.160.34
514,Cinda,Chaperlin,cchaperline9@lycos.com,Female,174.42.83.214
515,Valdemar,Kubicka,vkubickaea@moonfruit.com,Male,164.234.192.240
516,Addie,Sprionghall,asprionghalleb@gmpg.org,Female,165.147.213.73
517,Ignaz,Vigours,ivigoursec@soundcloud.com,Male,47.189.122.79
518,Quintana,Lonie,qlonieed@uiuc.edu,Polygender,196.234.75.234
519,Carrissa,Cianni,ccianniee@nasa.gov,Female,168.76.227.84
520,Normand,Oubridge,noubridgeef@walmart.com,Male,85.104.195.119
521,Jerrie,Lohering,jloheringeg@ehow.com,Female,41.235.137.32
522,Emlynne,Meric,emericeh@seattletimes.com,Female,47.57.251.49
523,Gordie,Halsho,ghalshoei@ehow.com,Male,38.243.142.158
524,Jaynell,Geeve,jgeeveej@sohu.com,Female,119.149.74.117
525,Karlyn,Pendlebery,kpendleberyek@booking.com,Female,7.24.118.237
526,Kandy,Compson,kcompsonel@digg.com,Agender,20.42.86.31
527,Juditha,Bachs,jbachsem@ca.gov,Female,173.129.191.42
528,Sue,Hanretty,shanrettyen@shop-pro.jp,Female,159.9.141.21
529,Gareth,Gowenlock,ggowenlockeo@apache.org,Male,235.209.160.121
530,Bastian,Sibbering,bsibberingep@salon.com,Male,49.216.28.62
531,Arabella,Kelway,akelwayeq@cdc.gov,Female,119.149.141.159
532,Marsha,Van Castele,mvancasteleer@google.it,Female,239.103.69.220
533,Rafaelia,Kochs,rkochses@sourceforge.net,Female,140.148.160.206
534,Cicily,Biggadyke,cbiggadykeet@behance.net,Female,180.122.93.151
535,Annamarie,Cashman,acashmaneu@house.gov,Female,249.226.235.119
536,Yolande,Geist,ygeistev@statcounter.com,Female,29.99.117.20
537,Alonso,Joselson,ajoselsonew@google.com.au,Male,98.87.91.70
538,Emmott,Arnaudin,earnaudinex@yandex.ru,Male,241.144.165.178
539,Sallie,Rubra,srubraey@boston.com,Bigender,101.217.104.188
540,Rana,Jacob,rjacobez@omniture.com,Female,96.223.27.88
541,Brett,Wellington,bwellingtonf0@pagesperso-orange.fr,Female,235.185.234.106
542,Kippar,Springer,kspringerf1@google.com,Male,111.243.93.108
543,Philipa,Makin,pmakinf2@51.la,Female,159.99.245.219
544,Pippo,Diplock,pdiplockf3@furl.net,Non-binary,14.142.190.183
545,Colette,Houseago,chouseagof4@nasa.gov,Female,249.123.220.160
546,Marrissa,Logsdail,mlogsdailf5@networkadvertising.org,Female,194.1.160.171
547,Bastian,Schooley,bschooleyf6@1688.com,Genderfluid,182.148.216.113
548,Alexandre,Duguid,aduguidf7@canalblog.com,Male,74.94.165.173
549,Eal,Hardage,ehardagef8@google.com.au,Male,127.195.60.114
550,Sophia,Jurn,sjurnf9@gizmodo.com,Female,192.129.125.152
551,Heath,Pinder,hpinderfa@comsenz.com,Female,55.87.73.235
552,Simeon,Eriksson,serikssonfb@sun.com,Male,226.32.128.36
553,Margaretha,Goeff,mgoefffc@unc.edu,Female,78.24.108.177
554,Cly,Lemonnier,clemonnierfd@example.com,Male,27.196.215.112
555,Devin,Harrild,dharrildfe@eventbrite.com,Male,21.4.213.192
556,Bobine,Charleston,bcharlestonff@yellowpages.com,Female,253.139.28.113
557,Gibb,Zorer,gzorerfg@icq.com,Male,113.153.105.61
558,Gerri,Calafate,gcalafatefh@t-online.de,Female,50.67.93.24
559,Burch,Mahy,bmahyfi@indiegogo.com,Male,198.90.88.73
560,Tootsie,Black,tblackfj@hud.gov,Genderqueer,203.82.153.174
561,Eba,Ciotto,eciottofk@elegantthemes.com,Female,148.254.19.222
562,Angelita,Rotte,arottefl@wikia.com,Female,79.32.183.138
563,Tabatha,Holme,tholmefm@simplemachines.org,Female,160.235.178.16
564,Dionne,Olivetta,dolivettafn@newsvine.com,Female,128.23.124.91
565,Lucinda,Joel,ljoelfo@360.cn,Female,83.37.144.147
566,Jerad,Trenholme,jtrenholmefp@census.gov,Male,37.218.34.226
567,Mona,Algeo,malgeofq@skyrock.com,Female,66.123.244.161
568,Almeria,Bezzant,abezzantfr@yelp.com,Female,132.50.195.182
569,Lock,Kroin,lkroinfs@virginia.edu,Male,18.246.208.237
570,Annnora,Infante,ainfanteft@posterous.com,Bigender,70.186.25.178
571,Berke,Mattocks,bmattocksfu@census.gov,Male,219.190.66.232
572,Ariadne,Yglesias,ayglesiasfv@networksolutions.com,Female,159.128.81.157
573,Gay,Darnell,gdarnellfw@sogou.com,Female,253.77.110.249
574,Christian,Edgeler,cedgelerfx@google.es,Genderfluid,106.112.254.29
575,Eileen,Fellibrand,efellibrandfy@epa.gov,Female,219.250.13.171
576,Claus,Rustan,crustanfz@census.gov,Male,167.102.237.64
577,Cinnamon,Rawsthorn,crawsthorng0@shinystat.com,Female,89.22.203.254
578,Jarred,Rigate,jrigateg1@sogou.com,Male,19.101.204.76
579,Wayland,Gilks,wgilksg2@oaic.gov.au,Male,104.129.104.9
580,Maitilde,Eastment,meastmentg3@noaa.gov,Female,163.209.96.221
581,Anthea,Dunleavy,adunleavyg4@berkeley.edu,Female,137.103.20.219
582,Inger,Sorrel,isorrelg5@dropbox.com,Female,158.120.110.65
583,Mattie,Henmarsh,mhenmarshg6@indiatimes.com,Female,30.66.221.180
584,Betteanne,Oganesian,boganesiang7@theguardian.com,Polygender,2.170.95.21
585,Jdavie,O'Neil,joneilg8@vkontakte.ru,Bigender,95.155.123.167
586,Ted,Haken,thakeng9@liveinternet.ru,Male,168.185.89.161
587,Mac,Cornehl,mcornehlga@patch.com,Male,71.73.184.140
588,Daven,Gooding,dgoodinggb@google.fr,Male,248.117.151.250
589,Alberta,Silbersak,asilbersakgc@virginia.edu,Female,249.54.21.72
590,Harrison,Sorrell,hsorrellgd@phoca.cz,Male,92.138.122.164
591,Jaquenetta,Skehan,jskehange@networksolutions.com,Female,96.100.49.70
592,Cristi,Everest,ceverestgf@bigcartel.com,Female,239.181.198.115
593,Rancell,Shorey,rshoreygg@spotify.com,Male,140.51.242.50
594,Davita,Heads,dheadsgh@nasa.gov,Female,138.51.33.41
595,Barr,Cinderey,bcindereygi@com.com,Male,186.111.208.193
596,Con,Luggar,cluggargj@reverbnation.com,Female,70.250.247.192
597,Urbanus,Kilbane,ukilbanegk@accuweather.com,Male,84.102.155.93
598,Larisa,Aaronsohn,laaronsohngl@blinklist.com,Female,212.77.119.153
599,Leia,Haseley,lhaseleygm@plala.or.jp,Female,138.92.191.186
600,Katey,Tipple,ktipplegn@tripod.com,Female,131.115.254.16
601,Care,Cammomile,ccammomilego@w3.org,Male,107.43.77.210
602,Odille,Atwell,oatwellgp@infoseek.co.jp,Female,177.253.81.152
603,Andris,St Louis,astlouisgq@pagesperso-orange.fr,Male,186.29.172.127
604,Mercy,Dobrowolny,mdobrowolnygr@etsy.com,Female,124.53.171.68
605,Chaddy,Tessington,ctessingtongs@cnet.com,Male,137.149.141.16
606,Prentiss,Ventam,pventamgt@moonfruit.com,Male,2.24.131.101
607,Brittney,Cockshtt,bcockshttgu@earthlink.net,Female,162.117.32.181
608,Ebenezer,Waters,ewatersgv@nbcnews.com,Male,158.46.162.195
609,Dare,Tolhurst,dtolhurstgw@state.gov,Male,242.56.169.174
610,Gabe,Szymaniak,gszymaniakgx@theguardian.com,Male,230.201.200.240
611,Rosalynd,Cullingworth,rcullingworthgy@huffingtonpost.com,Female,75.198.177.184
612,Gayle,Kohter,gkohtergz@studiopress.com,Female,198.155.182.233
613,Isidor,Rhoddie,irhoddieh0@tinypic.com,Male,32.8.206.116
614,Worden,Frankham,wfrankhamh1@spotify.com,Male,102.129.111.212
615,Marion,Sarsons,msarsonsh2@hostgator.com,Male,108.180.106.241
616,Belvia,Bowkett,bbowketth3@google.fr,Female,228.62.10.132
617,Laurette,Sloane,lsloaneh4@globo.com,Female,73.70.56.105
618,Ware,Tattersfield,wtattersfieldh5@toplist.cz,Male,35.117.59.128
619,Gladys,Thairs,gthairsh6@ihg.com,Agender,187.51.76.113
620,Laurie,Hinkley,lhinkleyh7@utexas.edu,Female,145.76.40.186
621,Delano,Guite,dguiteh8@upenn.edu,Male,206.30.174.53
622,Lamont,Franzewitch,lfranzewitchh9@mail.ru,Male,152.3.105.90
623,Milissent,Stollenbeck,mstollenbeckha@cam.ac.uk,Female,198.177.202.152
624,Ralf,Arnaez,rarnaezhb@delicious.com,Male,188.147.243.23
625,Colleen,McCloud,cmccloudhc@icio.us,Female,213.216.23.8
626,Noby,Pettegre,npettegrehd@oracle.com,Male,111.37.43.60
627,Leo,Beveredge,lbeveredgehe@ted.com,Male,254.191.21.126
628,Quintina,Hazael,qhazaelhf@bravesites.com,Female,210.77.43.215
629,Forster,Wakeling,fwakelinghg@tiny.cc,Male,171.25.148.40
630,Johnna,Collingridge,jcollingridgehh@ftc.gov,Female,30.187.89.145
631,Kristyn,Connue,kconnuehi@purevolume.com,Female,94.202.91.34
632,Idette,Crosser,icrosserhj@slashdot.org,Female,238.82.137.1
633,Alfy,Cristofor,acristoforhk@illinois.edu,Female,233.254.77.3
634,Lori,Cawdery,lcawderyhl@diigo.com,Female,138.199.78.194
635,Janos,Collidge,jcollidgehm@tumblr.com,Male,57.134.148.93
636,Victor,Speachley,vspeachleyhn@w3.org,Male,235.180.241.42
637,Marybeth,Lodo,mlodoho@histats.com,Female,46.236.250.168
638,Annadiane,Peddersen,apeddersenhp@patch.com,Female,86.153.141.13
639,Sherri,Kaliszewski,skaliszewskihq@slashdot.org,Female,23.207.13.177
640,Lindi,Tuxsell,ltuxsellhr@google.ru,Female,21.190.88.158
641,Gael,Rittmeier,grittmeierhs@storify.com,Male,117.86.177.139
642,Mycah,Manthorpe,mmanthorpeht@scientificamerican.com,Male,45.77.133.155
643,Annice,Strippling,astripplinghu@army.mil,Polygender,210.178.187.103
644,Chick,Wickardt,cwickardthv@zdnet.com,Male,171.152.4.135
645,Joela,Vidler,jvidlerhw@elegantthemes.com,Female,143.148.165.217
646,Ulrike,Borris,uborrishx@berkeley.edu,Female,96.91.101.2
647,Julietta,Etchells,jetchellshy@scribd.com,Female,179.73.159.124
648,Jemie,Zecchi,jzecchihz@networksolutions.com,Female,109.177.137.55
649,Jarad,Albasiny,jalbasinyi0@quantcast.com,Male,87.62.191.140
650,Roxanne,Spellicy,rspellicyi1@csmonitor.com,Female,252.163.197.80
651,Dyane,Potten,dpotteni2@squarespace.com,Female,219.116.104.5
652,Quill,Gregoratti,qgregorattii3@vinaora.com,Male,95.66.41.135
653,Faydra,Kem,fkemi4@imageshack.us,Female,15.179.73.68
654,Kalle,Hendrix,khendrixi5@tuttocitta.it,Male,232.204.4.12
655,Rog,Carsey,rcarseyi6@wordpress.org,Male,30.24.145.74
656,Stevie,Westrey,swestreyi7@booking.com,Male,141.69.167.149
657,Magdalena,Pedwell,mpedwelli8@tamu.edu,Female,191.35.65.199
658,Christyna,Dougill,cdougilli9@diigo.com,Female,169.54.56.152
659,Mead,Ebden,mebdenia@angelfire.com,Polygender,140.217.80.21
660,Heinrick,Bergeau,hbergeauib@shop-pro.jp,Male,98.162.14.192
661,Nonie,Raylton,nrayltonic@ucoz.ru,Female,171.55.173.158
662,Birch,Kohler,bkohlerid@wix.com,Male,210.185.252.78
663,Hank,Simounet,hsimounetie@cdbaby.com,Male,165.139.59.197
664,Giulio,Skillington,gskillingtonif@jugem.jp,Male,247.17.208.54
665,Alexander,Rugieri,arugieriig@nih.gov,Male,172.117.143.159
666,Luis,Longdon,llongdonih@liveinternet.ru,Male,146.161.154.39
667,Free,Kelling,fkellingii@businessweek.com,Male,113.171.168.22
668,Calley,Scotchmore,cscotchmoreij@dot.gov,Female,179.11.117.67
669,Keri,Kloisner,kkloisnerik@ustream.tv,Female,192.53.126.99
670,Danica,Trotter,dtrotteril@princeton.edu,Female,20.61.148.142
671,Peter,Mehaffey,pmehaffeyim@fema.gov,Male,2.96.51.131
672,Wynn,Basire,wbasirein@nsw.gov.au,Male,222.179.176.126
673,Julie,Kedie,jkedieio@tumblr.com,Male,60.178.33.3
674,Stafford,Melland,smellandip@clickbank.net,Male,234.61.86.147
675,Rudyard,Prall,rpralliq@marriott.com,Male,109.0.37.189
676,Bobbee,Richel,brichelir@timesonline.co.uk,Female,88.127.43.143
677,Nessy,McKinna,nmckinnais@booking.com,Non-binary,28.17.108.131
678,Cortney,Boyfield,cboyfieldit@nationalgeographic.com,Female,236.186.30.156
679,Nerte,Haslock(e),nhaslockeiu@auda.org.au,Female,193.176.101.87
680,Fielding,McCreadie,fmccreadieiv@answers.com,Male,8.178.159.113
681,Emmanuel,Cavaney,ecavaneyiw@domainmarket.com,Male,137.247.99.147
682,Angelina,Golt,agoltix@uol.com.br,Female,248.225.40.128
683,Jenelle,Whetson,jwhetsoniy@jugem.jp,Female,77.171.4.179
684,Emmie,Record,erecordiz@wsj.com,Bigender,198.10.124.27
685,Mischa,Rau,mrauj0@wikispaces.com,Male,249.31.212.254
686,Nonna,Jacson,njacsonj1@redcross.org,Female,181.181.211.146
687,Tristam,Iacovuzzi,tiacovuzzij2@dell.com,Male,2.92.194.199
688,Zared,Newens,znewensj3@illinois.edu,Male,132.221.188.88
689,Lyndsey,Leeds,lleedsj4@bing.com,Female,101.229.206.252
690,Laney,Corssen,lcorssenj5@woothemes.com,Male,228.48.19.74
691,Jacquelyn,Hutable,jhutablej6@comcast.net,Female,83.182.129.169
692,Kendell,Glennon,kglennonj7@oaic.gov.au,Male,52.107.107.20
693,Owen,Ruzek,oruzekj8@surveymonkey.com,Male,154.119.99.228
694,Hanni,McCrae,hmccraej9@mapy.cz,Female,217.89.140.38
695,Cory,Bibey,cbibeyja@china.com.cn,Male,178.245.110.17
696,Vittoria,Lyttle,vlyttlejb@networkadvertising.org,Female,66.24.73.84
697,Durant,Lancastle,dlancastlejc@blogs.com,Male,2.157.43.43
698,Odelia,Tobin,otobinjd@plala.or.jp,Female,18.252.56.119
699,Griswold,Aylin,gaylinje@disqus.com,Male,79.208.212.152
700,Evey,Gillbee,egillbeejf@narod.ru,Female,30.4.12.169
701,Cozmo,Grewes,cgrewesjg@storify.com,Male,147.245.174.240
702,Olenka,Straniero,ostranierojh@twitter.com,Bigender,128.60.243.5
703,Siegfried,Jellings,sjellingsji@bluehost.com,Male,163.51.215.77
704,Belvia,Ahrendsen,bahrendsenjj@google.de,Female,138.171.108.155
705,Agnesse,Wallwork,awallworkjk@google.nl,Female,74.109.146.3
706,Isiahi,Gimenez,igimenezjl@live.com,Male,183.153.34.80
707,Adair,Serrels,aserrelsjm@slashdot.org,Male,110.43.59.104
708,Petronella,Valentim,pvalentimjn@wp.com,Female,227.0.33.32
709,Auroora,Rassell,arasselljo@ed.gov,Bigender,206.157.165.81
710,Axe,Lowing,alowingjp@house.gov,Male,254.192.213.83
711,Fiann,Mynett,fmynettjq@eventbrite.com,Female,249.245.233.186
712,Ulric,Titterell,utitterelljr@360.cn,Polygender,102.167.167.216
713,Tandie,Alder,talderjs@vinaora.com,Female,231.213.247.88
714,Evey,Fielden,efieldenjt@booking.com,Female,141.254.224.103
715,Trixie,Ixer,tixerju@tamu.edu,Female,41.196.194.107
716,Zachery,Croote,zcrootejv@fotki.com,Male,243.218.231.234
717,Lotti,Ausello,lausellojw@arizona.edu,Female,149.126.14.143
718,Laurie,Ughelli,lughellijx@army.mil,Female,132.186.130.40
719,Mae,Doy,mdoyjy@zimbio.com,Female,134.196.82.105
720,Eberto,Vedyaev,evedyaevjz@nps.gov,Male,187.220.38.39
721,Laurie,Siemon,lsiemonk0@bbb.org,Male,43.43.160.152
722,Darell,McCue,dmccuek1@elpais.com,Female,66.181.26.223
723,Isidoro,Basford,ibasfordk2@ovh.net,Agender,86.214.126.170
724,Zarah,Benbow,zbenbowk3@noaa.gov,Female,84.100.243.159
725,Emmanuel,Lewins,elewinsk4@cmu.edu,Male,75.131.205.128
726,Twila,Hobell,thobellk5@twitter.com,Female,87.139.10.193
727,Carlynne,Nesey,cneseyk6@accuweather.com,Female,37.139.231.20
728,Jaymie,Stollsteimer,jstollsteimerk7@indiatimes.com,Male,63.17.58.4
729,Zebedee,Kirwan,zkirwank8@so-net.ne.jp,Male,166.222.72.60
730,Bobbi,Wordsley,bwordsleyk9@whitehouse.gov,Female,77.183.74.172
731,Rosalia,Lundberg,rlundbergka@vk.com,Female,68.48.218.77
732,Salim,Jertz,sjertzkb@princeton.edu,Male,89.249.120.15
733,Wilburt,Hupe,whupekc@adobe.com,Male,110.98.70.178
734,Wake,Spencers,wspencerskd@altervista.org,Male,90.128.42.164
735,Dulciana,Bottom,dbottomke@addthis.com,Female,84.19.99.159
736,Rosaleen,Glanton,rglantonkf@usnews.com,Agender,211.48.34.20
737,Maryellen,Parley,mparleykg@twitpic.com,Genderqueer,120.83.10.131
738,Abbie,Wells,awellskh@infoseek.co.jp,Male,57.69.117.106
739,Karlen,Ferrari,kferrariki@nih.gov,Female,76.27.238.140
740,Shannan,Grunder,sgrunderkj@ucoz.com,Male,145.106.251.112
741,Yvon,Empson,yempsonkk@patch.com,Male,85.65.164.235
742,Fancie,Bonnefin,fbonnefinkl@youku.com,Non-binary,10.231.185.11
743,Orren,Van der Baaren,ovanderbaarenkm@vkontakte.ru,Male,27.113.77.242
744,Cathlene,Wallege,cwallegekn@quantcast.com,Female,11.77.238.93
745,Dell,Bapty,dbaptyko@guardian.co.uk,Female,214.35.132.219
746,Genny,Jeannenet,gjeannenetkp@woothemes.com,Female,103.254.25.94
747,Nikoletta,Halewood,nhalewoodkq@desdev.cn,Female,130.140.180.176
748,Engelbert,MacCague,emaccaguekr@booking.com,Male,220.233.192.158
749,Mariel,McKew,mmckewks@ucla.edu,Female,141.79.55.89
750,Florenza,Doblin,fdoblinkt@hp.com,Female,26.228.138.179
751,Elisabeth,Farrears,efarrearsku@archive.org,Female,165.26.171.239
752,Ferdy,Laimable,flaimablekv@google.co.jp,Male,46.23.242.227
753,Leila,Skaife,lskaifekw@nytimes.com,Female,3.181.112.44
754,Petr,Wimms,pwimmskx@ustream.tv,Male,145.134.169.42
755,Brew,Bodega,bbodegaky@cpanel.net,Male,67.65.75.159
756,Dylan,Larcier,dlarcierkz@usgs.gov,Male,189.196.58.255
757,Karleen,Lyfe,klyfel0@cornell.edu,Female,92.112.196.70
758,Wilfred,Dominichetti,wdominichettil1@msn.com,Male,2.146.210.5
759,Gayla,Ruben,grubenl2@bbc.co.uk,Polygender,227.77.77.103
760,Berti,Standley,bstandleyl3@topsy.com,Agender,188.182.200.53
761,Julienne,Norsworthy,jnorsworthyl4@pcworld.com,Female,29.45.169.12
762,Eugenia,Emeney,eemeneyl5@infoseek.co.jp,Female,103.94.64.131
763,Bartholomeo,Millin,bmillinl6@cnn.com,Male,245.15.137.55
764,Harbert,Henrique,hhenriquel7@webeden.co.uk,Male,15.242.70.93
765,Phillie,Rolse,prolsel8@indiatimes.com,Female,49.20.242.124
766,Curry,Horwell,chorwelll9@studiopress.com,Male,76.184.27.192
767,Hill,Matyushkin,hmatyushkinla@miitbeian.gov.cn,Male,188.245.98.72
768,Fancy,Stallebrass,fstallebrasslb@google.cn,Female,110.233.192.124
769,Jesse,Embra,jembralc@newyorker.com,Male,99.87.172.127
770,Nigel,Filkin,nfilkinld@feedburner.com,Male,92.36.115.175
771,Edsel,MacAnelley,emacanelleyle@altervista.org,Male,155.106.104.152
772,Waverley,Musto,wmustolf@alexa.com,Genderqueer,242.61.119.109
773,Orelie,Playhill,oplayhilllg@hatena.ne.jp,Female,24.178.46.58
774,Jilleen,Lebel,jlebellh@pbs.org,Female,197.181.210.25
775,Cody,Lindley,clindleyli@engadget.com,Genderqueer,49.105.17.192
776,Stoddard,Swaby,sswabylj@nydailynews.com,Female,66.25.25.133
777,Tuck,Torbeck,ttorbecklk@livejournal.com,Male,100.51.153.203
778,Fowler,Mechic,fmechicll@mac.com,Male,155.248.210.191
779,Jermaine,Audry,jaudrylm@blogtalkradio.com,Female,143.188.197.88
780,Milka,Pettitt,mpettittln@typepad.com,Female,161.192.98.155
781,Quintana,Hould,qhouldlo@washington.edu,Female,159.217.116.214
782,Freedman,Valentin,fvalentinlp@cbsnews.com,Male,229.216.60.133
783,Skippy,Behne,sbehnelq@wisc.edu,Male,30.64.200.18
784,Creigh,Erdes,cerdeslr@indiegogo.com,Male,63.75.202.154
785,Arri,Fahrenbacher,afahrenbacherls@ucoz.com,Male,51.18.105.60
786,Freddi,Hasnney,fhasnneylt@indiatimes.com,Female,123.100.164.105
787,Kordula,Dutson,kdutsonlu@google.com.hk,Female,150.59.150.127
788,Dimitry,Messom,dmessomlv@wikia.com,Male,178.201.85.108
789,Fremont,Huton,fhutonlw@independent.co.uk,Male,105.5.238.17
790,Gwenneth,Phare,gpharelx@opera.com,Female,196.95.226.232
791,Mathias,Kharchinski,mkharchinskily@fema.gov,Male,188.161.229.159
792,Victor,Blofeld,vblofeldlz@gnu.org,Male,3.34.237.101
793,Skippy,Dunnett,sdunnettm0@nhs.uk,Male,77.206.41.143
794,Shandra,Jayme,sjaymem1@sina.com.cn,Female,196.238.220.194
795,Arabella,Rubartelli,arubartellim2@hugedomains.com,Genderqueer,64.162.17.144
796,Renato,Wentworth,rwentworthm3@phoca.cz,Male,32.219.105.2
797,Jourdan,Keir,jkeirm4@acquirethisname.com,Female,231.161.17.220
798,Barbette,Grissett,bgrissettm5@home.pl,Female,67.40.190.208
799,Adan,Mustchin,amustchinm6@wikipedia.org,Female,8.137.113.82
800,Mano,Packe,mpackem7@eventbrite.com,Male,230.50.216.23
801,Kurt,Leyshon,kleyshonm8@aboutads.info,Male,43.54.193.159
802,Aloysia,Farfolomeev,afarfolomeevm9@twitpic.com,Female,214.47.252.87
803,Abeu,Belcher,abelcherma@sciencedirect.com,Male,193.150.99.29
804,Xerxes,Jura,xjuramb@diigo.com,Male,92.20.177.202
805,Giffard,Alcide,galcidemc@virginia.edu,Male,67.242.166.107
806,Devland,Frascone,dfrasconemd@ucoz.ru,Male,226.228.230.243
807,Annalee,Clemenzi,aclemenzime@pen.io,Female,97.112.178.105
808,Gaelan,Blamphin,gblamphinmf@washingtonpost.com,Male,32.75.116.86
809,Rora,Titlow,rtitlowmg@a8.net,Female,74.206.209.35
810,Harper,Turpey,hturpeymh@tiny.cc,Male,170.92.216.80
811,Myrwyn,Lamy,mlamymi@4shared.com,Male,45.42.16.93
812,Samson,Neilly,sneillymj@flavors.me,Male,77.90.217.10
813,Simonette,Jenno,sjennomk@yellowpages.com,Female,53.214.72.147
814,Hilary,Kingsmill,hkingsmillml@mysql.com,Male,183.68.212.46
815,Celestyna,Copp,ccoppmm@fda.gov,Female,55.34.182.249
816,Margie,Guiness,mguinessmn@telegraph.co.uk,Female,78.18.114.185
817,Evangeline,Trimnell,etrimnellmo@parallels.com,Female,136.162.243.110
818,Clayborne,Cleere,ccleeremp@github.io,Male,145.127.130.250
819,Abramo,Aynscombe,aaynscombemq@ibm.com,Agender,145.84.54.56
820,Beatrisa,Bagnal,bbagnalmr@goo.ne.jp,Female,193.170.235.170
821,Shelley,Whittleton,swhittletonms@zimbio.com,Polygender,61.0.57.124
822,Farrand,Rikel,frikelmt@people.com.cn,Female,53.210.195.215
823,Dahlia,De Blasi,ddeblasimu@de.vu,Female,225.176.142.136
824,Robbin,Swindles,rswindlesmv@slate.com,Female,238.121.75.124
825,Ogdan,Layton,olaytonmw@amazon.com,Male,223.70.18.5
826,Anton,Corradino,acorradinomx@sciencedaily.com,Male,225.230.155.178
827,Phillipe,Lusgdin,plusgdinmy@github.io,Agender,115.228.182.155
828,Marin,Guiett,mguiettmz@shop-pro.jp,Female,197.222.80.23
829,Gerik,Nisot,gnisotn0@nydailynews.com,Male,209.33.77.42
830,Dorotea,Derdes,dderdesn1@github.com,Female,207.232.64.185
831,Hazel,Hearst,hhearstn2@edublogs.org,Male,255.50.75.239
832,Elbert,Calles,ecallesn3@rambler.ru,Male,31.121.90.198
833,Rodina,Gettone,rgettonen4@gravatar.com,Female,211.70.186.171
834,Tersina,Foucar,tfoucarn5@yandex.ru,Female,17.77.138.97
835,Sauncho,Sinfield,ssinfieldn6@dailymail.co.uk,Male,246.151.92.26
836,Almeria,Imeson,aimesonn7@flavors.me,Female,11.23.26.179
837,Trey,Dicker,tdickern8@cmu.edu,Male,72.48.244.102
838,Aloise,Drepp,adreppn9@xrea.com,Female,110.39.208.119
839,Poppy,Girvin,pgirvinna@homestead.com,Female,195.201.33.10
840,Teodoor,Klink,tklinknb@edublogs.org,Male,22.34.80.138
841,Ashlin,Tarver,atarvernc@pen.io,Male,137.239.53.212
842,Hyacinthie,Clipson,hclipsonnd@nymag.com,Female,214.149.22.2
843,Melba,Prophet,mprophetne@fotki.com,Female,198.158.182.59
844,Stephani,Iannelli,siannellinf@intel.com,Female,22.200.145.226
845,Merridie,Basant,mbasantng@mayoclinic.com,Female,220.65.190.160
846,Sherie,Alfonzo,salfonzonh@spotify.com,Female,15.202.181.46
847,Trefor,Louch,tlouchni@furl.net,Male,78.167.123.236
848,Bordy,Fishe,bfishenj@wordpress.org,Male,102.230.29.248
849,Cyrille,Broschke,cbroschkenk@cmu.edu,Male,72.0.104.150
850,Morley,Alekhov,malekhovnl@geocities.jp,Male,219.72.182.242
851,Ulrich,Ockenden,uockendennm@yahoo.co.jp,Male,206.86.76.72
852,Michel,Skeete,mskeetenn@utexas.edu,Male,254.209.140.85
853,Oren,Fidelus,ofidelusno@sitemeter.com,Male,72.51.93.233
854,Zeke,Cowp,zcowpnp@jigsy.com,Male,20.177.13.211
855,Weston,Castellucci,wcastelluccinq@angelfire.com,Male,127.204.195.4
856,Sheppard,Leythley,sleythleynr@irs.gov,Male,44.70.217.148
857,Tabina,Borlease,tborleasens@vk.com,Female,91.125.108.87
858,Meg,Carp,mcarpnt@theguardian.com,Genderqueer,46.98.106.252
859,Urbanus,Kroger,ukrogernu@japanpost.jp,Male,248.193.39.66
860,Shelby,Davie,sdavienv@symantec.com,Female,255.126.222.237
861,Daniela,Draycott,ddraycottnw@phpbb.com,Female,32.26.8.87
862,Bronny,Van den Oord,bvandenoordnx@dropbox.com,Male,8.209.73.12
863,Sari,Hooks,shooksny@wisc.edu,Genderqueer,127.139.97.250
864,Isak,Dunphy,idunphynz@sitemeter.com,Male,33.18.183.127
865,Husein,Wallenger,hwallengero0@scribd.com,Bigender,169.153.50.132
866,Garrek,Blitzer,gblitzero1@tinyurl.com,Male,83.255.211.194
867,Hillary,Tourmell,htourmello2@gov.uk,Male,32.134.77.54
868,Saxon,Kenzie,skenzieo3@behance.net,Male,16.93.149.133
869,Antonin,Branney,abranneyo4@amazon.de,Male,37.205.179.200
870,Marji,Fall,mfallo5@dailymotion.com,Female,57.167.98.132
871,Kaela,Oakey,koakeyo6@bigcartel.com,Female,185.76.86.8
872,Cobb,Hauger,chaugero7@boston.com,Male,238.168.188.223
873,Nels,Enoksson,nenokssono8@dailymotion.com,Male,106.200.115.19
874,Neale,Gerald,ngeraldo9@umn.edu,Male,94.195.170.221
875,Rubina,Cresswell,rcresswelloa@nih.gov,Female,27.117.130.29
876,Adrian,Stollmeyer,astollmeyerob@ucla.edu,Female,14.180.17.58
877,Tova,Smyth,tsmythoc@ycombinator.com,Female,162.98.81.173
878,Giles,Baudon,gbaudonod@about.com,Bigender,222.150.194.208
879,Marlene,Shyram,mshyramoe@mysql.com,Female,165.43.54.76
880,Pavlov,Cupitt,pcupittof@hhs.gov,Male,63.234.138.86
881,Daron,March,dmarchog@sitemeter.com,Male,212.161.101.155
882,Sullivan,Gunney,sgunneyoh@youku.com,Male,46.234.15.58
883,Christal,Staniforth,cstaniforthoi@meetup.com,Female,62.134.123.90
884,Melinda,Reinger,mreingeroj@walmart.com,Female,193.58.24.191
885,Olive,Ferriday,oferridayok@columbia.edu,Female,190.101.121.33
886,Winthrop,Alvarado,walvaradool@pen.io,Male,97.174.121.77
887,Maddi,Vear,mvearom@weibo.com,Female,215.189.202.64
888,Dorisa,France,dfranceon@addtoany.com,Female,215.3.223.128
889,Shea,Partner,spartneroo@miitbeian.gov.cn,Male,56.180.118.77
890,Ermina,Cancellario,ecancellarioop@ustream.tv,Female,61.201.156.111
891,Johnny,Rugge,jruggeoq@over-blog.com,Male,46.161.93.219
892,Milzie,Ruston,mrustonor@eepurl.com,Genderfluid,78.56.255.80
893,Zackariah,Gealle,zgealleos@disqus.com,Male,132.3.37.185
894,Eadie,Quiddinton,equiddintonot@google.cn,Female,28.236.34.61
895,Ranee,Ciabatteri,rciabatteriou@time.com,Female,14.121.191.17
896,Chick,Giordano,cgiordanoov@amazon.com,Male,220.217.92.22
897,Randell,Tuffs,rtuffsow@soup.io,Male,234.75.227.226
898,Chantalle,Pasque,cpasqueox@a8.net,Female,243.143.157.100
899,Anatole,Greenstead,agreensteadoy@cargocollective.com,Male,181.186.0.240
900,Niven,Checcuzzi,ncheccuzzioz@biglobe.ne.jp,Male,112.102.126.24
901,Ulla,Alderton,ualdertonp0@wufoo.com,Polygender,183.43.150.176
902,Marisa,Yvon,myvonp1@europa.eu,Female,216.55.237.195
903,Loutitia,Coggan,lcogganp2@chicagotribune.com,Non-binary,237.9.190.203
904,Corina,Warlowe,cwarlowep3@squidoo.com,Female,131.210.140.138
905,Nehemiah,Craker,ncrakerp4@princeton.edu,Male,2.166.31.137
906,Tamarah,Risborough,trisboroughp5@shutterfly.com,Female,16.107.88.21
907,Tommi,Lawson,tlawsonp6@flickr.com,Female,138.217.37.230
908,Lynett,Walisiak,lwalisiakp7@bloglovin.com,Female,226.189.214.191
909,Maxie,Lindborg,mlindborgp8@themeforest.net,Female,166.132.199.67
910,Marlowe,Durno,mdurnop9@craigslist.org,Male,169.212.88.72
911,Larine,Luetchford,lluetchfordpa@ox.ac.uk,Female,54.107.174.218
912,Callean,Forber,cforberpb@usgs.gov,Male,188.219.71.205
913,Gilly,Gardner,ggardnerpc@discovery.com,Female,176.189.222.67
914,Randa,Lightbourne,rlightbournepd@bloomberg.com,Female,247.188.108.130
915,Gary,McCard,gmccardpe@imgur.com,Male,76.3.128.197
916,Doug,Durrand,ddurrandpf@telegraph.co.uk,Male,223.35.6.65
917,Cordie,Chieco,cchiecopg@cocolog-nifty.com,Male,80.252.125.167
918,Pen,Westoff,pwestoffph@rambler.ru,Male,160.249.30.100
919,Elly,Hawkswood,ehawkswoodpi@archive.org,Female,155.234.56.69
920,Marlo,Kivits,mkivitspj@webeden.co.uk,Male,225.161.133.74
921,Fulton,Simmill,fsimmillpk@spiegel.de,Male,220.93.247.162
922,Hermione,Episcopio,hepiscopiopl@microsoft.com,Female,13.197.150.107
923,Raff,Becconsall,rbecconsallpm@360.cn,Male,227.199.188.121
924,Yankee,Simcox,ysimcoxpn@telegraph.co.uk,Male,227.110.124.210
925,Kylen,Tingey,ktingeypo@icq.com,Female,90.90.114.10
926,Salim,Gladtbach,sgladtbachpp@webnode.com,Male,90.202.3.252
927,Meade,Prettyman,mprettymanpq@123-reg.co.uk,Male,65.148.66.116
928,Eunice,Castiello,ecastiellopr@netvibes.com,Female,42.110.205.35
929,Cobby,Polendine,cpolendineps@dion.ne.jp,Male,128.24.199.101
930,Sargent,Birkett,sbirkettpt@jiathis.com,Male,85.44.23.114
931,Germaine,Rylance,grylancepu@narod.ru,Male,149.209.234.1
932,Claus,Christene,cchristenepv@issuu.com,Bigender,200.51.91.115
933,Neddy,McGloin,nmcgloinpw@oakley.com,Male,102.73.1.110
934,Dene,Churching,dchurchingpx@ucoz.com,Male,169.29.35.15
935,Gisela,Frankham,gfrankhampy@meetup.com,Female,19.72.114.234
936,Kaiser,Cainey,kcaineypz@g.co,Male,133.21.77.221
937,Marianna,Berzins,mberzinsq0@friendfeed.com,Female,248.78.129.239
938,Fernando,Rist,fristq1@netscape.com,Male,87.200.191.165
939,Van,Padden,vpaddenq2@bigcartel.com,Female,7.89.18.194
940,Elfreda,Obern,eobernq3@cargocollective.com,Female,79.236.58.25
941,Kenneth,Danskine,kdanskineq4@google.pl,Male,217.207.94.168
942,Arlee,Lease,aleaseq5@gov.uk,Female,69.228.195.13
943,Vanna,Edgerly,vedgerlyq6@wunderground.com,Female,250.186.116.234
944,Cymbre,Maben,cmabenq7@paginegialle.it,Female,134.134.175.107
945,Germaine,Minmagh,gminmaghq8@phpbb.com,Male,236.58.19.78
946,Buck,Janota,bjanotaq9@fc2.com,Male,153.149.20.99
947,Edy,Kyston,ekystonqa@cdbaby.com,Female,44.251.238.167
948,Andris,Beever,abeeverqb@goo.ne.jp,Male,136.83.249.226
949,Stefan,Girardet,sgirardetqc@netvibes.com,Male,240.5.240.13
950,Ferguson,O'Lynn,folynnqd@symantec.com,Male,211.136.163.25
951,Laurella,Rossant,lrossantqe@bbc.co.uk,Female,89.2.211.200
952,Oliver,Sidery,osideryqf@tiny.cc,Male,102.113.32.145
953,Rory,Plaskitt,rplaskittqg@123-reg.co.uk,Bigender,2.74.109.61
954,Olly,Axtell,oaxtellqh@google.cn,Male,174.150.245.193
955,Emmery,Capstick,ecapstickqi@mapquest.com,Male,130.173.232.250
956,Augusto,Delmonti,adelmontiqj@storify.com,Male,101.168.43.235
957,Dulcine,Sherwin,dsherwinqk@pbs.org,Female,58.18.126.131
958,Jacquetta,Piatti,jpiattiql@sbwire.com,Female,215.234.41.80
959,Tate,Pearcey,tpearceyqm@economist.com,Female,133.131.206.155
960,Renault,Scritch,rscritchqn@soundcloud.com,Male,160.253.31.160
961,Monique,Begent,mbegentqo@51.la,Female,186.189.69.231
962,Cosetta,Karolyi,ckarolyiqp@cmu.edu,Female,195.180.224.189
963,Kaela,Pakeman,kpakemanqq@blogspot.com,Bigender,57.220.5.231
964,Adair,Wardlaw,awardlawqr@ft.com,Male,249.195.77.162
965,Kalil,Guiel,kguielqs@go.com,Male,28.69.71.114
966,Tandi,Hanselman,thanselmanqt@sbwire.com,Female,140.148.81.69
967,Beltran,Skase,bskasequ@wiley.com,Male,124.155.17.145
968,Madison,Hallitt,mhallittqv@icq.com,Male,227.87.154.83
969,Olin,Kopisch,okopischqw@paypal.com,Male,16.184.164.185
970,Baillie,Trembley,btrembleyqx@google.pl,Male,222.73.255.198
971,Gene,Beckham,gbeckhamqy@ucoz.com,Male,173.98.59.211
972,Irena,Imlaw,iimlawqz@blogs.com,Female,124.161.183.63
973,Gisella,Utton,guttonr0@1und1.de,Female,191.11.245.76
974,May,Gruszczak,mgruszczakr1@ning.com,Female,179.255.131.178
975,Alisander,Dickenson,adickensonr2@bluehost.com,Male,221.89.43.47
976,Shaughn,Shutte,sshutter3@huffingtonpost.com,Male,197.49.140.76
977,Mendel,Wix,mwixr4@dmoz.org,Male,227.219.37.60
978,Aurora,Gilliver,agilliverr5@163.com,Female,169.237.237.83
979,Tye,Pengilly,tpengillyr6@wired.com,Male,137.47.56.249
980,Izabel,Lorentzen,ilorentzenr7@youtube.com,Female,93.139.73.95
981,Hedvig,O'Fallowne,hofallowner8@quantcast.com,Female,38.178.244.111
982,Friederike,Chartres,fchartresr9@google.co.jp,Female,18.98.191.85
983,Alexis,Milberry,amilberryra@privacy.gov.au,Female,61.181.3.141
984,Yorgos,Gimblett,ygimblettrb@nps.gov,Male,206.149.128.36
985,Irene,Tofanini,itofaninirc@devhub.com,Female,41.148.134.213
986,Lyndsey,Goundsy,lgoundsyrd@msu.edu,Female,29.143.180.207
987,Wallie,Asif,wasifre@yellowpages.com,Male,58.242.82.27
988,Veradis,Morrissey,vmorrisseyrf@phpbb.com,Agender,196.40.32.182
989,Jareb,Ansteys,jansteysrg@nydailynews.com,Male,19.246.58.91
990,Henrieta,Aviss,havissrh@is.gd,Female,32.32.68.92
991,Bibbye,McPhelimey,bmcphelimeyri@360.cn,Female,37.91.163.83
992,Friederike,Tebb,ftebbrj@stumbleupon.com,Female,110.75.5.57
993,Donnajean,Ick,dickrk@creativecommons.org,Female,230.42.24.101
994,Mada,Shackelton,mshackeltonrl@sfgate.com,Female,38.174.55.190
995,Kaleb,Jermin,kjerminrm@hao123.com,Male,149.148.101.246
996,Wallis,MacVicar,wmacvicarrn@upenn.edu,Male,54.149.74.247
997,Cindi,Mackett,cmackettro@posterous.com,Female,195.171.208.100
998,Barby,Clack,bclackrp@newyorker.com,Female,127.141.241.127
999,Godart,Danielsen,gdanielsenrq@statcounter.com,Male,14.216.219.232
1000,Margaret,Pash,mpashrr@symantec.com,Female,224.10.136.55
